Date / Time,Temperature [C],DissolvedOxygen [mg/l],Turbidity [NTU],pH [Units],OxidationReductionPotential [mV ],SpecificConductivity [µs/cm]
3/24/2013 0:00,8.98,8.56,3,8.1,594,857
3/24/2013 0:03,8.98,8.46,3,8.11,593,856
3/24/2013 0:06,8.97,8.39,2.9,8.11,594,857
3/24/2013 0:09,9,8.38,3,8.11,593,857
3/24/2013 0:12,8.98,8.34,2.9,8.1,594,857
3/24/2013 0:15,8.98,8.37,2.9,8.1,594,856
3/24/2013 0:18,8.96,8.38,2.8,8.1,594,856
3/24/2013 0:21,8.95,8.49,2.8,8.1,594,856
3/24/2013 0:24,8.92,8.36,3,8.11,594,857
3/24/2013 0:27,8.91,8.46,2.9,8.1,594,857
3/24/2013 0:30,8.91,8.39,2.8,8.11,594,856
3/24/2013 0:33,8.9,8.37,2.9,8.11,594,856
3/24/2013 0:36,8.89,8.41,2.9,8.11,594,856
3/24/2013 0:39,8.89,8.48,2.9,8.1,594,857
3/24/2013 0:42,8.9,8.59,2.9,8.11,594,857
3/24/2013 0:45,8.91,8.5,2.9,8.1,594,857
3/24/2013 0:48,8.92,8.36,2.9,8.1,594,857
3/24/2013 0:51,8.91,8.64,2.8,8.1,594,857
3/24/2013 0:54,8.93,8.43,3,8.1,594,856
3/24/2013 0:57,8.93,8.59,3.1,8.1,594,857
3/24/2013 1:00,8.94,8.49,3.2,8.1,594,856
3/24/2013 1:03,8.93,8.48,3.3,8.1,594,856
3/24/2013 1:06,8.92,8.42,3.1,8.11,594,856
3/24/2013 1:09,8.91,8.29,3.1,8.1,594,856
3/24/2013 1:12,8.89,8.52,3.2,8.11,594,856
3/24/2013 1:15,8.86,8.54,3.1,8.11,594,856
3/24/2013 1:18,8.84,8.57,3.2,8.11,594,856
3/24/2013 1:21,8.82,8.32,3.1,8.11,594,856
3/24/2013 1:24,8.82,8.53,3.2,8.11,594,856
3/24/2013 1:27,8.8,8.57,3,8.11,594,856
3/24/2013 1:30,8.79,8.42,3,8.11,594,856
3/24/2013 1:33,8.78,8.39,3.1,8.11,594,856
3/24/2013 1:36,8.78,8.58,3,8.11,594,856
3/24/2013 1:39,8.77,8.53,2.9,8.11,594,856
3/24/2013 1:42,8.78,8.32,4.3,8.11,594,856
3/24/2013 1:45,8.78,8.63,3.3,8.11,594,856
3/24/2013 1:48,8.78,8.46,3.4,8.11,594,856
3/24/2013 1:51,8.79,8.44,3.8,8.11,594,856
3/24/2013 1:54,8.78,8.39,3.4,8.11,594,856
3/24/2013 1:57,8.78,8.46,3.1,8.11,594,856
3/24/2013 2:00,8.78,8.46,3,8.11,594,856
3/24/2013 2:03,8.77,8.35,2.9,8.11,594,856
3/24/2013 2:06,8.76,8.27,2.9,8.11,594,856
3/24/2013 2:09,8.74,8.46,2.9,8.11,594,856
3/24/2013 2:12,8.74,8.51,2.9,8.11,594,856
3/24/2013 2:15,8.73,8.51,2.9,8.11,594,856
3/24/2013 2:18,8.74,8.6,3,8.11,594,856
3/24/2013 2:21,8.73,8.44,2.9,8.11,594,856
3/24/2013 2:24,8.74,8.41,2.9,8.11,594,856
3/24/2013 2:27,8.75,8.27,3.9,8.11,594,856
3/24/2013 2:30,8.76,8.45,4.5,8.11,594,856
3/24/2013 2:33,8.76,8.46,5.2,8.11,594,857
3/24/2013 2:36,8.78,8.46,5.7,8.11,594,857
3/24/2013 2:39,8.8,8.53,8.5,8.11,594,857
3/24/2013 2:42,8.8,8.34,6.3,8.11,594,857
3/24/2013 2:45,8.8,8.38,4.5,8.11,594,857
3/24/2013 2:48,8.81,8.36,6.6,8.11,594,857
3/24/2013 2:51,8.8,8.4,5.8,8.11,594,857
3/24/2013 2:54,8.81,8.58,4.7,8.11,594,856
3/24/2013 2:57,8.81,8.27,4.4,8.11,594,857
3/24/2013 3:00,8.83,8.39,4,8.11,594,857
3/24/2013 3:03,8.83,8.5,3.8,8.1,594,857
3/24/2013 3:06,8.84,8.25,3.6,8.1,594,857
3/24/2013 3:09,8.84,8.55,3.6,8.1,594,857
3/24/2013 3:12,8.84,8.34,3.6,8.11,594,856
3/24/2013 3:15,8.84,8.51,3.4,8.11,594,856
3/24/2013 3:18,8.84,8.5,3.3,8.11,594,856
3/24/2013 3:21,8.84,8.67,3.2,8.11,593,856
3/24/2013 3:24,8.83,8.51,3.2,8.11,594,856
3/24/2013 3:27,8.83,8.65,3,8.11,593,856
3/24/2013 3:30,8.82,8.52,3.1,8.11,593,856
3/24/2013 3:33,8.8,8.33,3.1,8.11,593,856
3/24/2013 3:36,8.79,8.54,3.1,8.11,593,856
3/24/2013 3:39,8.78,8.53,3.2,8.11,593,856
3/24/2013 3:42,8.77,8.53,3.2,8.11,593,856
3/24/2013 3:45,8.77,8.3,3.2,8.11,593,856
3/24/2013 3:48,8.78,8.56,3.2,8.11,593,856
3/24/2013 3:51,8.77,8.46,3.2,8.11,593,856
3/24/2013 3:54,8.77,8.36,3.3,8.11,593,856
3/24/2013 3:57,8.78,8.61,3.2,8.11,593,856
3/24/2013 4:00,8.79,8.58,3.2,8.11,593,856
3/24/2013 4:03,8.79,8.68,3.2,8.11,593,856
3/24/2013 4:06,8.8,8.46,3.2,8.11,593,856
3/24/2013 4:09,8.79,8.65,3.1,8.11,593,856
3/24/2013 4:12,8.79,8.53,3.3,8.11,593,856
3/24/2013 4:15,8.78,8.46,3.2,8.11,593,856
3/24/2013 4:18,8.76,8.34,3.1,8.11,593,856
3/24/2013 4:21,8.73,8.57,3.1,8.11,593,856
3/24/2013 4:24,8.72,8.49,3,8.12,593,856
3/24/2013 4:27,8.72,8.38,3,8.12,593,856
3/24/2013 4:30,8.7,8.39,3,8.12,593,856
3/24/2013 4:33,8.69,8.61,2.9,8.11,593,856
3/24/2013 4:36,8.68,8.58,3,8.12,593,856
3/24/2013 4:39,8.67,8.56,2.8,8.12,593,856
3/24/2013 4:42,8.66,8.41,2.8,8.12,593,856
3/24/2013 4:45,8.66,8.55,2.8,8.12,593,856
3/24/2013 4:48,8.65,8.61,2.8,8.12,593,856
3/24/2013 4:51,8.64,8.44,2.8,8.11,593,856
3/24/2013 4:54,8.63,8.4,2.8,8.12,593,855
3/24/2013 4:57,8.62,8.43,2.9,8.12,593,855
3/24/2013 5:00,8.61,8.58,2.9,8.12,593,855
3/24/2013 5:03,8.6,8.47,2.8,8.12,593,855
3/24/2013 5:06,8.6,8.62,2.8,8.11,593,855
3/24/2013 5:09,8.59,8.69,2.9,8.11,593,855
3/24/2013 5:12,8.58,8.27,2.8,8.11,593,855
3/24/2013 5:15,8.58,8.51,2.8,8.12,593,855
3/24/2013 5:18,8.57,8.56,2.7,8.12,593,855
3/24/2013 5:21,8.57,8.65,2.9,8.12,593,855
3/24/2013 5:24,8.57,8.4,3.1,8.12,593,855
3/24/2013 5:27,8.55,8.67,3,8.11,593,855
3/24/2013 5:30,8.55,8.47,2.9,8.12,593,855
3/24/2013 5:33,8.55,8.56,2.9,8.11,593,855
3/24/2013 5:36,8.55,8.62,2.7,8.11,593,855
3/24/2013 5:39,8.53,8.54,2.8,8.12,593,855
3/24/2013 5:42,8.53,8.65,2.8,8.12,593,855
3/24/2013 5:45,8.53,8.36,2.8,8.12,593,855
3/24/2013 5:48,8.52,8.57,2.8,8.12,593,855
3/24/2013 5:51,8.52,8.7,2.8,8.12,593,855
3/24/2013 5:54,8.51,8.7,2.8,8.12,593,855
3/24/2013 5:57,8.51,8.65,2.8,8.12,593,855
3/24/2013 6:00,8.51,8.61,2.8,8.12,593,855
3/24/2013 6:03,8.5,8.55,2.7,8.12,593,855
3/24/2013 6:06,8.5,8.66,2.8,8.12,593,855
3/24/2013 6:09,8.49,8.64,2.9,8.12,593,855
3/24/2013 6:12,8.5,8.55,3,8.12,593,855
3/24/2013 6:15,8.5,8.56,2.9,8.12,593,855
3/24/2013 6:18,8.5,8.43,2.9,8.12,593,855
3/24/2013 6:21,8.5,8.55,2.8,8.12,593,855
3/24/2013 6:24,8.5,8.49,2.8,8.12,593,855
3/24/2013 6:27,8.49,8.61,2.8,8.12,593,855
3/24/2013 6:30,8.48,8.58,2.8,8.12,593,855
3/24/2013 6:33,8.47,8.52,2.8,8.12,593,855
3/24/2013 6:36,8.47,8.51,2.8,8.12,593,855
3/24/2013 6:39,8.47,8.56,2.8,8.12,593,855
3/24/2013 6:42,8.46,8.6,2.7,8.12,593,855
3/24/2013 6:45,8.46,8.5,2.8,8.12,593,855
3/24/2013 6:48,8.45,8.71,2.7,8.12,593,855
3/24/2013 6:51,8.44,8.69,2.7,8.12,593,855
3/24/2013 6:54,8.43,8.54,2.6,8.12,593,855
3/24/2013 6:57,8.43,8.44,2.7,8.12,593,854
3/24/2013 7:00,8.42,8.71,3.2,8.12,593,854
3/24/2013 7:03,8.42,8.68,4.8,8.12,593,854
3/24/2013 7:06,8.41,8.68,6.2,8.12,593,854
3/24/2013 7:09,8.41,8.63,6.6,8.12,593,855
3/24/2013 7:12,8.42,8.46,7.7,8.12,593,854
3/24/2013 7:15,8.4,8.56,6.4,8.12,593,855
3/24/2013 7:18,8.41,8.58,5.4,8.12,593,854
3/24/2013 7:21,8.4,8.51,4.6,8.12,593,854
3/24/2013 7:24,8.39,8.53,4.8,8.12,593,854
3/24/2013 7:27,8.37,8.6,5.4,8.12,593,855
3/24/2013 7:30,8.37,8.57,4.9,8.12,593,856
3/24/2013 7:33,8.35,8.63,4.4,8.12,593,856
3/24/2013 7:36,8.33,8.52,4,8.12,593,857
3/24/2013 7:39,8.33,8.47,4.8,8.12,593,861
3/24/2013 7:42,8.32,8.34,5.5,8.12,593,866
3/24/2013 7:45,8.29,8.56,7.2,8.12,592,872
3/24/2013 7:48,8.27,8.63,9,8.12,592,871
3/24/2013 7:51,8.25,8.4,10.9,8.12,592,867
3/24/2013 7:54,8.22,8.52,12.5,8.11,591,865
3/24/2013 7:57,8.17,8.55,16,8.11,591,861
3/24/2013 8:00,8.13,8.35,21,8.11,591,857
3/24/2013 8:03,8.06,8.39,27,8.11,590,853
3/24/2013 8:06,8,8.55,35.9,8.11,590,845
3/24/2013 8:09,7.91,8.75,41.9,8.1,589,837
3/24/2013 8:12,7.79,8.71,48.3,8.09,588,829
3/24/2013 8:15,7.68,8.53,51.7,8.09,588,817
3/24/2013 8:18,7.58,8.55,50.3,8.08,586,802
3/24/2013 8:21,7.49,8.67,48.4,8.07,585,792
3/24/2013 8:24,7.39,8.99,47.3,8.07,584,782
3/24/2013 8:27,7.35,8.78,49.4,8.06,583,783
3/24/2013 8:30,7.29,8.83,48.4,8.05,582,787
3/24/2013 8:33,7.21,9.04,54.6,8.04,581,790
3/24/2013 8:36,7.17,8.93,65.5,8.04,580,790
3/24/2013 8:39,7.1,8.99,66.6,8.03,578,784
3/24/2013 8:42,7.05,8.99,68.1,8.03,576,767
3/24/2013 8:45,7.03,9.1,63.8,8.03,575,755
3/24/2013 8:48,7,9.27,61.7,8.02,573,745
3/24/2013 8:51,6.98,9.19,58,8.03,572,735
3/24/2013 8:54,6.95,9.12,59.8,8.03,570,727
3/24/2013 8:57,6.92,9.21,60.8,8.02,569,723
3/24/2013 9:00,6.89,9.32,60.6,8.02,568,720
3/24/2013 9:03,6.84,9.25,61.7,8.02,567,718
3/24/2013 9:06,6.8,9.37,63.7,8.01,567,709
3/24/2013 9:09,6.76,9.45,59.6,8.01,566,701
3/24/2013 9:12,6.72,9.45,54,8.01,565,695
3/24/2013 9:15,6.7,9.59,59.3,8,564,687
3/24/2013 9:18,6.67,9.49,58.2,8,563,682
3/24/2013 9:21,6.64,9.58,58.6,8,562,675
3/24/2013 9:24,6.61,9.49,65.6,8,561,673
3/24/2013 9:27,6.58,9.53,59.4,8.01,560,671
3/24/2013 9:30,6.57,9.61,64,8.01,559,669
3/24/2013 9:33,6.54,9.68,64.3,8.02,558,665
3/24/2013 9:36,6.5,9.6,61.5,8.02,557,660
3/24/2013 9:39,6.47,9.71,63.3,8.02,556,654
3/24/2013 9:42,6.45,9.55,61.9,8.02,555,649
3/24/2013 9:45,6.43,9.61,64.4,8.01,555,647
3/24/2013 9:48,6.42,9.66,58.9,8,555,647
3/24/2013 9:51,6.42,9.79,62.3,8,554,644
3/24/2013 9:54,6.42,9.7,71.1,7.99,554,641
3/24/2013 9:57,6.41,9.72,68.2,7.99,553,639
3/24/2013 10:00,6.4,9.5,66.7,7.99,553,635
3/24/2013 10:03,6.4,9.52,64.3,7.99,553,630
3/24/2013 10:06,6.4,9.72,61.7,7.98,553,628
3/24/2013 10:09,6.39,9.77,55.4,7.97,553,624
3/24/2013 10:12,6.42,9.55,58.3,7.96,554,628
3/24/2013 10:15,6.47,9.46,54.8,7.96,554,633
3/24/2013 10:18,6.52,9.4,53.4,7.95,555,644
3/24/2013 10:21,6.55,9.38,50.8,7.95,555,664
3/24/2013 10:24,6.56,9.42,44.6,7.94,556,678
3/24/2013 10:27,6.58,9.36,49.2,7.95,556,671
3/24/2013 10:30,6.6,9.44,44.5,7.95,557,676
3/24/2013 10:33,6.61,9.3,46.2,7.95,558,673
3/24/2013 10:36,6.61,9.24,54.1,7.95,558,674
3/24/2013 10:39,6.61,9.3,42.5,7.95,559,676
3/24/2013 10:42,6.61,9.32,39,7.95,560,678
3/24/2013 10:45,6.61,9.04,37,7.95,560,680
3/24/2013 10:48,6.61,9.23,34.9,7.95,561,683
3/24/2013 10:51,6.6,9.19,32.7,7.94,562,687
3/24/2013 10:54,6.61,9.17,31.9,7.94,563,715
3/24/2013 10:57,6.59,9.19,31.8,7.93,565,846
3/24/2013 11:00,6.54,9.19,34.7,7.91,566,985
3/24/2013 11:03,6.49,9.03,40.2,7.92,567,991
3/24/2013 11:06,6.32,9.36,64.8,7.92,567,945
3/24/2013 11:09,6.24,9.26,76.2,7.93,566,918
3/24/2013 11:12,6.1,9.31,107.8,7.92,567,1038
3/24/2013 11:15,5.69,9.51,172,7.91,567,1243
3/24/2013 11:18,5.84,9.67,111.6,7.9,566,1218
3/24/2013 11:21,5.8,9.89,107.5,7.9,566,1257
3/24/2013 11:24,5.62,10.15,150.8,7.89,565,1371
3/24/2013 11:27,5.46,10.3,176.5,7.86,565,2230
3/24/2013 11:30,5.26,10.37,261.6,7.83,566,3866
3/24/2013 11:33,5.03,10.42,262.8,7.83,564,4619
3/24/2013 11:36,4.86,10.54,258.2,7.81,561,4988
3/24/2013 11:39,4.78,10.44,231.9,7.82,558,4891
3/24/2013 11:42,4.75,10.56,202.9,7.81,556,4932
3/24/2013 11:45,4.73,10.69,186.1,7.81,553,4775
3/24/2013 11:48,4.73,10.66,174.9,7.81,551,4423
3/24/2013 11:51,4.75,10.8,162.6,7.83,548,3987
3/24/2013 11:54,4.83,10.68,151.1,7.84,546,3499
3/24/2013 11:57,4.97,10.5,139.1,7.85,544,3094
3/24/2013 12:00,5.08,10.62,135.3,7.85,544,2860
3/24/2013 12:03,5.2,10.58,134.3,7.86,543,2700
3/24/2013 12:06,5.25,10.47,138.3,7.87,542,2606
3/24/2013 12:09,5.3,10.37,130.5,7.88,542,2549
3/24/2013 12:12,5.34,10.43,126,7.88,542,2632
3/24/2013 12:15,5.39,10.45,126.4,7.87,542,2823
3/24/2013 12:18,5.4,10.45,128.1,7.86,543,3100
3/24/2013 12:21,5.38,10.37,133.9,7.86,543,3339
3/24/2013 12:24,5.36,10.25,136.8,7.84,543,3578
3/24/2013 12:27,5.34,10.3,138.4,7.83,544,3754
3/24/2013 12:30,5.3,10.25,136.5,7.82,544,3822
3/24/2013 12:33,5.27,10.28,138.1,7.81,544,3839
3/24/2013 12:36,5.24,10.3,134.4,7.81,545,3803
3/24/2013 12:39,5.21,10.17,135.1,7.81,545,3705
3/24/2013 12:42,5.18,10.28,129.3,7.81,545,3578
3/24/2013 12:45,5.18,10.39,126.7,7.81,545,3430
3/24/2013 12:48,5.19,10.23,121.4,7.82,545,3243
3/24/2013 12:51,5.17,10.28,122.7,7.83,544,3020
3/24/2013 12:54,5.11,10.41,117.5,7.83,543,2827
3/24/2013 12:57,5.11,10.5,108.3,7.84,543,2630
3/24/2013 13:00,5.08,10.58,105.1,7.85,542,2472
3/24/2013 13:03,5.08,10.52,108.3,7.85,541,2327
3/24/2013 13:06,5.09,10.63,115,7.86,540,2229
3/24/2013 13:09,5.07,10.61,116.6,7.86,539,2141
3/24/2013 13:12,5.07,10.51,115.7,7.86,539,2083
3/24/2013 13:15,5.04,10.58,114.6,7.87,538,2016
3/24/2013 13:18,5.06,10.51,116.5,7.86,538,2002
3/24/2013 13:21,5.09,10.53,112.6,7.85,538,2001
3/24/2013 13:24,5.11,10.48,112.9,7.85,538,2031
3/24/2013 13:27,5.14,10.39,110.5,7.84,539,2096
3/24/2013 13:30,5.14,10.49,107.9,7.83,539,2181
3/24/2013 13:33,5.14,10.41,105.8,7.83,540,2267
3/24/2013 13:36,5.14,10.55,101.8,7.82,540,2367
3/24/2013 13:39,5.17,10.49,99.4,7.82,541,2446
3/24/2013 13:42,5.19,10.45,96.5,7.82,541,2498
3/24/2013 13:45,5.2,10.56,95.8,7.82,541,2519
3/24/2013 13:48,5.19,10.45,90.3,7.82,542,2521
3/24/2013 13:51,5.18,10.51,90.1,7.82,542,2502
3/24/2013 13:54,5.2,10.52,91.8,7.81,542,2492
3/24/2013 13:57,5.2,10.46,91.7,7.82,543,2453
3/24/2013 14:00,5.22,10.51,90.8,7.82,543,2423
3/24/2013 14:03,5.23,10.41,90,7.82,543,2386
3/24/2013 14:06,5.23,10.23,89,7.83,543,2323
3/24/2013 14:09,5.23,10.31,87,7.82,544,2266
3/24/2013 14:12,5.24,10.41,85.7,7.82,544,2197
3/24/2013 14:15,5.24,10.33,83.1,7.83,545,2116
3/24/2013 14:18,5.23,10.29,85.2,7.82,545,2037
3/24/2013 14:21,5.22,10.32,82,7.83,545,1956
3/24/2013 14:24,5.21,10.25,76,7.83,546,1884
3/24/2013 14:27,5.23,10.27,78.6,7.83,546,1830
3/24/2013 14:30,5.28,10.3,73,7.82,547,1784
3/24/2013 14:33,5.32,10.21,71.6,7.83,548,1748
3/24/2013 14:36,5.35,10.27,69.6,7.82,548,1699
3/24/2013 14:39,5.37,10.09,72.2,7.82,549,1678
3/24/2013 14:42,5.39,10.13,69.2,7.83,550,1660
3/24/2013 14:45,5.4,10.02,62.1,7.83,551,1647
3/24/2013 14:48,5.43,10.06,57.6,7.82,552,1630
3/24/2013 14:51,5.45,9.87,56.4,7.82,553,1617
3/24/2013 14:54,5.48,9.89,55.9,7.82,554,1603
3/24/2013 14:57,5.48,9.91,53.8,7.82,555,1584
3/24/2013 15:00,5.49,9.84,51.8,7.82,557,1569
3/24/2013 15:03,5.51,9.79,58,7.82,558,1552
3/24/2013 15:06,5.52,9.83,50.4,7.82,559,1538
3/24/2013 15:09,5.52,9.71,52,7.82,560,1616
3/24/2013 15:12,5.53,9.91,51.6,7.82,561,1567
3/24/2013 15:15,5.53,9.74,50.3,7.83,561,1558
3/24/2013 15:18,5.31,9.8,81.3,7.82,563,1721
3/24/2013 15:21,5.41,9.77,56.3,7.83,562,1575
3/24/2013 15:24,5.47,9.85,53.4,7.83,563,1552
3/24/2013 15:27,5.49,9.76,53.2,7.83,563,1545
3/24/2013 15:30,5.5,9.87,64.4,7.83,564,1508
3/24/2013 15:33,5.38,9.9,80,7.83,564,1608
3/24/2013 15:36,5.24,9.89,89.8,7.82,564,1745
3/24/2013 15:39,5.17,10.12,80.6,7.82,563,1789
3/24/2013 15:42,5.07,10.13,97.1,7.82,562,1871
3/24/2013 15:45,4.92,10.32,111.3,7.81,560,2057
3/24/2013 15:48,4.87,10.57,117.3,7.8,559,2261
3/24/2013 15:51,4.83,10.51,125,7.78,557,2773
3/24/2013 15:54,4.77,10.61,127.8,7.77,555,3095
3/24/2013 15:57,4.7,10.6,150.9,7.78,553,3377
3/24/2013 16:00,4.61,10.75,178,7.78,550,3364
3/24/2013 16:03,4.54,10.78,181.8,7.78,547,3159
3/24/2013 16:06,4.58,10.88,183,7.78,544,3055
3/24/2013 16:09,4.63,10.76,179.2,7.78,543,2956
3/24/2013 16:12,4.7,10.75,177.9,7.78,542,2809
3/24/2013 16:15,4.89,10.7,149.4,7.77,542,2612
3/24/2013 16:18,5.02,10.62,135.7,7.77,543,2589
3/24/2013 16:21,5.1,10.57,126.4,7.77,543,2699
3/24/2013 16:24,5.17,10.54,121,7.78,544,2857
3/24/2013 16:27,5.24,10.51,115.3,7.77,545,3116
3/24/2013 16:30,5.3,10.46,107.8,7.76,546,3398
3/24/2013 16:33,5.35,10.43,104,7.77,547,3650
3/24/2013 16:36,5.38,10.36,101.7,7.76,547,3907
3/24/2013 16:39,5.41,10.31,100.5,7.76,548,4122
3/24/2013 16:42,5.43,10.3,100.4,7.76,548,4270
3/24/2013 16:45,5.44,10.26,100.5,7.76,549,4375
3/24/2013 16:48,5.45,10.24,102,7.75,549,4453
3/24/2013 16:51,5.46,10.21,101.1,7.75,550,4469
3/24/2013 16:54,5.47,10.16,101.2,7.74,550,4442
3/24/2013 16:57,5.48,10.17,97.4,7.74,551,4370
3/24/2013 17:00,5.49,10.13,93.9,7.74,551,4259
3/24/2013 17:03,5.5,10.06,91.9,7.75,552,4124
3/24/2013 17:06,5.5,10.11,84.9,7.75,552,3965
3/24/2013 17:09,5.5,10.11,80.7,7.75,553,3806
3/24/2013 17:12,5.51,10.12,76,7.76,553,3663
3/24/2013 17:15,5.52,10.17,73.3,7.76,554,3510
3/24/2013 17:18,5.55,10.04,69.1,7.76,554,3393
3/24/2013 17:21,5.57,10.06,63.1,7.77,555,3297
3/24/2013 17:24,5.6,10.04,62.3,7.76,556,3240
3/24/2013 17:27,5.62,10.03,67.1,7.76,557,3209
3/24/2013 17:30,5.64,9.96,58.8,7.76,558,3205
3/24/2013 17:33,5.66,9.93,65.2,7.76,559,3220
3/24/2013 17:36,5.69,9.87,56.4,7.75,561,3254
3/24/2013 17:39,5.71,9.71,55.9,7.75,562,3296
3/24/2013 17:42,5.73,9.74,55.8,7.74,563,3352
3/24/2013 17:45,5.75,9.85,54,7.74,564,3417
3/24/2013 17:48,5.78,9.91,54.7,7.73,565,3488
3/24/2013 17:51,5.79,9.73,54.3,7.73,566,3567
3/24/2013 17:54,5.8,9.75,54.5,7.72,567,3640
3/24/2013 17:57,5.82,9.66,53.8,7.71,568,3720
3/24/2013 18:00,5.83,9.69,50.5,7.71,569,3784
3/24/2013 18:03,5.84,9.83,49.9,7.71,570,3833
3/24/2013 18:06,5.85,9.56,49,7.71,571,3877
3/24/2013 18:09,5.86,9.53,47.6,7.71,572,3896
3/24/2013 18:12,5.86,9.45,46.5,7.71,572,3901
3/24/2013 18:15,5.88,9.68,44.3,7.71,573,3883
3/24/2013 18:18,5.9,9.66,45.8,7.71,573,3848
3/24/2013 18:21,5.93,9.55,44.7,7.71,574,3800
3/24/2013 18:24,5.96,9.5,42.2,7.71,574,3736
3/24/2013 18:27,5.98,9.34,42.4,7.72,575,3655
3/24/2013 18:30,6,9.59,43.5,7.72,575,3573
3/24/2013 18:33,6.02,9.51,42.6,7.73,576,3475
3/24/2013 18:36,6.04,9.47,42.7,7.73,576,3381
3/24/2013 18:39,6.06,9.44,41.4,7.73,576,3286
3/24/2013 18:42,6.08,9.36,40,7.74,577,3174
3/24/2013 18:45,6.1,9.33,38.3,7.75,577,3082
3/24/2013 18:48,6.13,9.42,36.1,7.75,577,2982
3/24/2013 18:51,6.15,9.39,36.2,7.75,578,2883
3/24/2013 18:54,6.18,9.53,33.9,7.76,578,2784
3/24/2013 18:57,6.2,9.43,33.8,7.76,579,2705
3/24/2013 19:00,6.22,9.22,46.8,7.77,579,2636
3/24/2013 19:03,6.24,9.1,31.4,7.77,579,2573
3/24/2013 19:06,6.26,9.3,29.4,7.77,579,2501
3/24/2013 19:09,6.27,9.34,27.2,7.78,580,2438
3/24/2013 19:12,6.29,9.24,25.7,7.78,580,2381
3/24/2013 19:15,6.32,9.22,24.6,7.78,581,2338
3/24/2013 19:18,6.34,9.24,23.7,7.79,581,2295
3/24/2013 19:21,6.37,9.12,22.9,7.79,581,2259
3/24/2013 19:24,6.4,9.13,21.7,7.79,582,2226
3/24/2013 19:27,6.42,9.06,22,7.79,582,2196
3/24/2013 19:30,6.45,9.2,20.5,7.8,582,2171
3/24/2013 19:33,6.46,9.04,22.2,7.8,582,2150
3/24/2013 19:36,6.48,9.18,19.7,7.8,583,2132
3/24/2013 19:39,6.49,9.1,18.9,7.81,583,2113
3/24/2013 19:42,6.5,9.09,18.7,7.81,583,2095
3/24/2013 19:45,6.52,9.15,17.7,7.81,584,2081
3/24/2013 19:48,6.53,9.02,17.4,7.81,584,2070
3/24/2013 19:51,6.55,9.17,16.8,7.81,584,2059
3/24/2013 19:54,6.59,9.09,16.5,7.82,584,2054
3/24/2013 19:57,6.62,9.11,16,7.81,584,2052
3/24/2013 20:00,6.64,9.15,15.9,7.81,585,2056
3/24/2013 20:03,6.66,9.03,15.5,7.81,585,2062
3/24/2013 20:06,6.67,9.01,14.9,7.82,585,2073
3/24/2013 20:09,6.68,9.08,14.6,7.82,586,2089
3/24/2013 20:12,6.69,9.03,14.8,7.82,586,2108
3/24/2013 20:15,6.7,9.06,14.4,7.81,586,2134
3/24/2013 20:18,6.73,8.9,13.6,7.81,586,2161
3/24/2013 20:21,6.75,8.89,13.4,7.81,587,2198
3/24/2013 20:24,6.77,8.91,13,7.81,587,2226
3/24/2013 20:27,6.77,9.08,13.1,7.81,587,2263
3/24/2013 20:30,6.78,8.89,12.9,7.8,587,2306
3/24/2013 20:33,6.79,8.82,12.6,7.8,588,2339
3/24/2013 20:36,6.79,8.92,12.7,7.8,588,2393
3/24/2013 20:39,6.8,8.73,12.5,7.8,588,2431
3/24/2013 20:42,6.81,8.84,12.5,7.79,588,2477
3/24/2013 20:45,6.82,8.8,11.9,7.79,589,2524
3/24/2013 20:48,6.84,8.91,12.5,7.79,589,2561
3/24/2013 20:51,6.85,8.99,11.9,7.79,589,2602
3/24/2013 20:54,6.86,8.96,12.4,7.79,589,2643
3/24/2013 20:57,6.87,8.92,12.4,7.79,589,2683
3/24/2013 21:00,6.87,8.79,11.5,7.78,590,2717
3/24/2013 21:03,6.87,8.81,12.2,7.78,590,2758
3/24/2013 21:06,6.87,8.91,11.8,7.78,590,2790
3/24/2013 21:09,6.88,8.69,11.2,7.78,590,2820
3/24/2013 21:12,6.9,8.93,11.4,7.78,590,2856
3/24/2013 21:15,6.92,8.83,11.1,7.78,590,2877
3/24/2013 21:18,6.93,8.63,11.2,7.78,590,2895
3/24/2013 21:21,6.94,8.64,11.2,7.78,590,2913
3/24/2013 21:24,6.94,8.91,12.2,7.78,590,2931
3/24/2013 21:27,6.95,8.65,10.8,7.78,590,2943
3/24/2013 21:30,6.95,8.59,11.2,7.78,590,2953
3/24/2013 21:33,6.94,8.85,11,7.78,590,2961
3/24/2013 21:36,6.95,8.82,11.9,7.78,590,2967
3/24/2013 21:39,6.95,8.7,10.9,7.78,590,2968
3/24/2013 21:42,6.96,8.67,10.9,7.78,590,2972
3/24/2013 21:45,6.95,8.72,11.8,7.77,590,2973
3/24/2013 21:48,6.96,8.61,10.2,7.77,591,2969
3/24/2013 21:51,6.96,8.67,10.6,7.77,591,2964
3/24/2013 21:54,6.98,8.44,10.4,7.77,591,2958
3/24/2013 21:57,7,8.54,9.9,7.78,591,2947
3/24/2013 22:00,7.01,8.61,9.5,7.78,591,2937
3/24/2013 22:03,7.03,8.41,9.4,7.78,591,2920
3/24/2013 22:06,7.04,8.64,9.5,7.78,591,2904
3/24/2013 22:09,7.04,8.51,9.5,7.78,591,2890
3/24/2013 22:12,7.05,8.69,9.7,7.79,591,2872
3/24/2013 22:15,7.05,8.77,9.4,7.79,591,2850
3/24/2013 22:18,7.05,8.52,8.8,7.79,591,2834
3/24/2013 22:21,7.06,8.58,8.7,7.8,591,2813
3/24/2013 22:24,7.07,8.82,8.4,7.8,590,2795
3/24/2013 22:27,7.07,8.57,8.6,7.8,590,2769
3/24/2013 22:30,7.08,8.63,8.4,7.81,590,2749
3/24/2013 22:33,7.08,8.64,8,7.81,590,2725
3/24/2013 22:36,7.08,8.78,8.1,7.81,590,2699
3/24/2013 22:39,7.08,8.74,7.9,7.81,590,2675
3/24/2013 22:42,7.07,8.72,8,7.81,590,2648
3/24/2013 22:45,7.07,8.64,8.2,7.81,590,2623
3/24/2013 22:48,7.06,8.6,8.1,7.81,590,2599
3/24/2013 22:51,7.05,8.51,7.8,7.81,590,2575
3/24/2013 22:54,7.05,8.75,8.1,7.81,590,2547
3/24/2013 22:57,7.04,8.69,8.7,7.82,590,2521
3/24/2013 23:00,7.02,8.54,9.2,7.82,590,2502
3/24/2013 23:03,7.02,8.66,9.4,7.82,590,2479
3/24/2013 23:06,7.01,8.69,9.5,7.82,590,2450
3/24/2013 23:09,7.01,8.77,9.9,7.83,590,2424
3/24/2013 23:12,7,8.63,10.4,7.83,590,2394
3/24/2013 23:15,7,8.75,11,7.84,590,2366
3/24/2013 23:18,7,8.63,11.8,7.84,590,2336
3/24/2013 23:21,7.01,8.65,12.6,7.84,589,2317
3/24/2013 23:24,7,8.72,13,7.85,589,2287
3/24/2013 23:27,6.99,8.79,13.3,7.84,589,2266
3/24/2013 23:30,7,8.74,12.7,7.85,590,2244
3/24/2013 23:33,6.99,8.76,11.6,7.85,590,2228
3/24/2013 23:36,7,8.6,11.5,7.85,590,2211
3/24/2013 23:39,6.98,8.65,10.8,7.85,590,2197
3/24/2013 23:42,6.98,8.65,10.1,7.85,590,2189
3/24/2013 23:45,7.01,8.7,9.1,7.86,590,2170
3/24/2013 23:48,7.02,8.63,10,7.86,590,2145
3/24/2013 23:51,7.03,8.52,6.8,7.86,590,2124
3/24/2013 23:54,7.04,8.73,7.4,7.86,590,2105
3/24/2013 23:57,7.04,8.6,7.3,7.87,590,2097
3/25/2013 0:00,7.02,8.76,8.3,7.87,590,2137
3/25/2013 0:03,7,8.8,8.4,7.87,590,2160
3/25/2013 0:06,6.99,8.76,8.7,7.87,590,2189
3/25/2013 0:09,6.97,8.64,9.2,7.87,590,2228
3/25/2013 0:12,6.97,8.69,9.1,7.86,590,2283
3/25/2013 0:15,6.98,8.47,8.3,7.86,590,2331
3/25/2013 0:18,6.99,8.66,7.8,7.86,590,2348
3/25/2013 0:21,7,8.7,8,7.87,590,2342
3/25/2013 0:24,7.01,8.59,6.8,7.87,590,2321
3/25/2013 0:27,7.02,8.67,6.5,7.88,590,2304
3/25/2013 0:30,7.01,8.68,6.2,7.88,590,2294
3/25/2013 0:33,7.01,8.69,5.9,7.88,590,2276
3/25/2013 0:36,7,8.63,5.7,7.89,589,2262
3/25/2013 0:39,7.01,8.67,6.1,7.89,589,2248
3/25/2013 0:42,7.03,8.69,5.8,7.89,589,2255
3/25/2013 0:45,7.04,8.83,6.5,7.89,589,2284
3/25/2013 0:48,7.05,8.6,6.4,7.89,590,2325
3/25/2013 0:51,7.06,8.62,6.5,7.88,590,2388
3/25/2013 0:54,7.07,8.76,6.9,7.87,590,2504
3/25/2013 0:57,7.08,8.64,8.7,7.87,590,2627
3/25/2013 1:00,7.07,8.74,8.7,7.86,590,2831
3/25/2013 1:03,7.07,8.75,9.8,7.84,591,3092
3/25/2013 1:06,7.05,8.75,13.3,7.83,591,3547
3/25/2013 1:09,7.02,8.64,16,7.81,592,3986
3/25/2013 1:12,6.98,8.77,22.4,7.79,592,4466
3/25/2013 1:15,6.94,8.74,26.3,7.78,592,4888
3/25/2013 1:18,6.91,8.7,25.6,7.77,592,5226
3/25/2013 1:21,6.87,8.68,29.4,7.76,592,5587
3/25/2013 1:24,6.83,8.65,30.3,7.75,591,5973
3/25/2013 1:27,6.8,8.76,32.3,7.74,591,6202
3/25/2013 1:30,6.68,8.75,34.7,7.74,590,6315
3/25/2013 1:33,6.74,8.9,34.1,7.74,590,6232
3/25/2013 1:36,6.75,8.79,32.8,7.74,589,6211
3/25/2013 1:39,6.75,8.68,26.9,7.74,589,6136
3/25/2013 1:42,6.75,8.84,25.4,7.74,588,6048
3/25/2013 1:45,6.76,8.76,23.6,7.75,588,5945
3/25/2013 1:48,6.78,8.9,21.5,7.75,587,5777
3/25/2013 1:51,6.78,8.74,19.2,7.76,586,5624
3/25/2013 1:54,6.77,8.93,19.4,7.77,586,5484
3/25/2013 1:57,6.76,8.78,18.2,7.77,586,5405
3/25/2013 2:00,6.76,8.75,17.4,7.78,585,5361
3/25/2013 2:03,6.77,8.8,17.3,7.78,585,5341
3/25/2013 2:06,6.79,8.78,17.1,7.77,585,5364
3/25/2013 2:09,6.8,8.88,16.7,7.78,585,5423
3/25/2013 2:12,6.79,8.76,16.5,7.77,585,5549
3/25/2013 2:15,6.8,8.8,16.6,7.77,585,5742
3/25/2013 2:18,6.81,8.71,18.8,7.76,585,5953
3/25/2013 2:21,6.82,8.56,16,7.76,585,6172
3/25/2013 2:24,6.83,8.67,16,7.75,585,6425
3/25/2013 2:27,6.85,8.57,15.5,7.74,585,6631
3/25/2013 2:30,6.88,8.65,14.5,7.74,585,6804
3/25/2013 2:33,6.89,8.63,15.6,7.74,585,6968
3/25/2013 2:36,6.9,8.59,15.6,7.73,585,7093
3/25/2013 2:39,6.9,8.5,16,7.73,584,7209
3/25/2013 2:42,6.92,8.5,18.2,7.73,584,7288
3/25/2013 2:45,6.93,8.49,15.9,7.73,584,7310
3/25/2013 2:48,6.94,8.53,14.8,7.72,584,7289
3/25/2013 2:51,6.95,8.55,13.8,7.72,583,7257
3/25/2013 2:54,6.94,8.43,13.3,7.73,583,7201
3/25/2013 2:57,6.94,8.47,13,7.73,583,7136
3/25/2013 3:00,6.93,8.54,12.7,7.73,582,7069
3/25/2013 3:03,6.93,8.35,12.2,7.73,582,7018
3/25/2013 3:06,6.92,8.6,12.3,7.73,582,6931
3/25/2013 3:09,6.91,8.7,12.4,7.74,581,6827
3/25/2013 3:12,6.9,8.43,12.5,7.74,581,6755
3/25/2013 3:15,6.9,8.61,12.7,7.74,581,6673
3/25/2013 3:18,6.9,8.7,12.7,7.76,580,6533
3/25/2013 3:21,6.89,8.54,12.7,7.76,580,6421
3/25/2013 3:24,6.89,8.59,12.8,7.76,580,6381
3/25/2013 3:27,6.89,8.53,12.5,7.76,580,6366
3/25/2013 3:30,6.89,8.71,13,7.76,580,6340
3/25/2013 3:33,6.88,8.78,12,7.76,580,6324
3/25/2013 3:36,6.88,8.74,12.3,7.76,580,6277
3/25/2013 3:39,6.89,8.76,12.1,7.76,580,6255
3/25/2013 3:42,6.9,8.67,11.4,7.76,580,6242
3/25/2013 3:45,6.9,8.6,11.2,7.76,580,6256
3/25/2013 3:48,6.91,8.68,10.7,7.76,580,6234
3/25/2013 3:51,6.92,8.7,11,7.76,580,6218
3/25/2013 3:54,6.93,8.82,10.4,7.76,580,6196
3/25/2013 3:57,6.93,8.62,10.3,7.76,579,6226
3/25/2013 4:00,6.93,8.58,10.2,7.76,580,6266
3/25/2013 4:03,6.94,8.67,12.3,7.76,579,6296
3/25/2013 4:06,6.94,8.56,9.4,7.76,579,6356
3/25/2013 4:09,6.94,8.5,9.3,7.75,579,6385
3/25/2013 4:12,6.96,8.51,8.8,7.76,579,6386
3/25/2013 4:15,6.96,8.56,8.9,7.75,579,6420
3/25/2013 4:18,6.97,8.39,8.8,7.75,579,6388
3/25/2013 4:21,6.97,8.48,9.4,7.76,579,6373
3/25/2013 4:24,6.98,8.69,9.6,7.76,579,6330
3/25/2013 4:27,6.99,8.48,8.7,7.76,579,6239
3/25/2013 4:30,7,8.75,8.7,7.76,579,6190
3/25/2013 4:33,7.01,8.51,8.3,7.77,579,6118
3/25/2013 4:36,7.02,8.5,7.6,7.77,578,6038
3/25/2013 4:39,7.03,8.54,8,7.77,578,5980
3/25/2013 4:42,7.04,8.56,7.3,7.77,578,5902
3/25/2013 4:45,7.05,8.59,7.8,7.78,578,5851
3/25/2013 4:48,7.07,8.72,6.8,7.78,578,5767
3/25/2013 4:51,7.07,8.67,7.3,7.78,578,5697
3/25/2013 4:54,7.06,8.56,6.8,7.78,578,5648
3/25/2013 4:57,7.06,8.48,6.8,7.79,578,5589
3/25/2013 5:00,7.07,8.61,6.2,7.79,578,5523
3/25/2013 5:03,7.08,8.53,5.9,7.79,578,5448
3/25/2013 5:06,7.09,8.45,6.6,7.79,578,5385
3/25/2013 5:09,7.1,8.48,6.3,7.8,578,5326
3/25/2013 5:12,7.11,8.53,6,7.8,578,5264
3/25/2013 5:15,7.11,8.47,29.8,7.8,578,5184
3/25/2013 5:18,7.11,8.67,6.5,7.81,578,5122
3/25/2013 5:21,7.12,8.59,5.3,7.81,578,5042
3/25/2013 5:24,7.12,8.55,4.9,7.81,578,4995
3/25/2013 5:27,7.12,8.64,4.9,7.82,578,4922
3/25/2013 5:30,7.12,8.39,4.7,7.82,578,4853
3/25/2013 5:33,7.14,8.59,4.5,7.82,578,4768
3/25/2013 5:36,7.15,8.46,4.4,7.83,579,4706
3/25/2013 5:39,7.17,8.38,4.3,7.83,579,4647
3/25/2013 5:42,7.17,8.47,4.4,7.83,579,4598
3/25/2013 5:45,7.19,8.43,4.6,7.83,579,4535
3/25/2013 5:48,7.19,8.43,4.2,7.83,579,4480
3/25/2013 5:51,7.18,8.55,4.2,7.83,579,4413
3/25/2013 5:54,7.18,8.57,4,7.84,579,4370
3/25/2013 5:57,7.19,8.34,3.7,7.84,579,4302
3/25/2013 6:00,7.19,8.51,4,7.84,579,4252
3/25/2013 6:03,7.19,8.49,3.8,7.84,579,4193
3/25/2013 6:06,7.2,8.47,4.2,7.84,579,4140
3/25/2013 6:09,7.22,8.5,4.2,7.85,580,4074
3/25/2013 6:12,7.23,8.39,4,7.85,580,4000
3/25/2013 6:15,7.24,8.4,4.6,7.86,580,3957
3/25/2013 6:18,7.24,8.42,5,7.85,580,3897
3/25/2013 6:21,7.24,8.44,4.7,7.85,580,3848
3/25/2013 6:24,7.25,8.48,17,7.86,580,3805
3/25/2013 6:27,7.25,8.33,4.8,7.86,580,3766
3/25/2013 6:30,7.25,8.47,4.7,7.86,580,3732
3/25/2013 6:33,7.25,8.51,4.6,7.86,581,3698
3/25/2013 6:36,7.26,8.52,4.8,7.86,581,3664
3/25/2013 6:39,7.27,8.52,5.1,7.87,581,3631
3/25/2013 6:42,7.28,8.57,5.6,7.87,581,3608
3/25/2013 6:45,7.3,8.5,6.7,7.87,581,3581
3/25/2013 6:48,7.32,8.37,6.8,7.87,581,3561
3/25/2013 6:51,7.33,8.33,6.4,7.86,581,3546
3/25/2013 6:54,7.33,8.49,5.7,7.87,582,3523
3/25/2013 6:57,7.33,8.37,5.6,7.87,582,3516
3/25/2013 7:00,7.33,8.38,5.1,7.87,582,3500
3/25/2013 7:03,7.33,8.44,4.8,7.87,582,3485
3/25/2013 7:06,7.33,8.36,4.9,7.87,582,3464
3/25/2013 7:09,7.34,8.45,5.1,7.87,582,3446
3/25/2013 7:12,7.34,8.41,5.6,7.88,582,3435
3/25/2013 7:15,7.35,8.19,6,7.88,582,3410
3/25/2013 7:18,7.37,8.49,7.8,7.88,582,3389
3/25/2013 7:21,7.38,8.44,7.8,7.88,582,3375
3/25/2013 7:24,7.38,8.51,7.9,7.88,582,3347
3/25/2013 7:27,7.39,8.37,8.4,7.88,583,3323
3/25/2013 7:30,7.39,8.38,8.7,7.88,582,3301
3/25/2013 7:33,7.39,8.41,7.9,7.89,582,3273
3/25/2013 7:36,7.39,8.28,7.8,7.89,583,3245
3/25/2013 7:39,7.4,8.46,8,7.89,583,3219
3/25/2013 7:42,7.39,8.42,8.6,7.89,583,3195
3/25/2013 7:45,7.39,8.44,9.3,7.9,583,3165
3/25/2013 7:48,7.39,8.48,9.7,7.9,583,3138
3/25/2013 7:51,7.4,8.49,9.8,7.9,583,3112
3/25/2013 7:54,7.41,8.35,9.1,7.91,583,3087
3/25/2013 7:57,7.41,8.51,8,7.91,583,3066
3/25/2013 8:00,7.42,8.38,8.6,7.91,583,3039
3/25/2013 8:03,7.43,8.42,8.9,7.91,583,3019
3/25/2013 8:06,7.43,8.41,8.1,7.91,583,2992
3/25/2013 8:09,7.44,8.38,8.3,7.91,583,2974
3/25/2013 8:12,7.44,8.45,8.3,7.92,583,2955
3/25/2013 8:15,7.45,8.38,7.9,7.92,583,2927
3/25/2013 8:18,7.45,8.49,6.9,7.92,583,2900
3/25/2013 8:21,7.44,8.48,6.7,7.92,583,2874
3/25/2013 8:24,7.45,8.5,6.8,7.93,583,2849
3/25/2013 8:27,7.45,8.51,6.4,7.93,583,2820
3/25/2013 8:30,7.45,8.55,7,7.93,583,2803
3/25/2013 8:33,7.45,8.53,7.6,7.93,583,2794
3/25/2013 8:36,7.44,8.45,8.3,7.93,583,2785
3/25/2013 8:39,7.42,8.53,9.8,7.93,583,2769
3/25/2013 8:42,7.38,8.49,18,7.93,583,2793
3/25/2013 8:45,7.37,8.45,15.9,7.93,583,2781
3/25/2013 8:48,7.36,8.52,14.8,7.94,583,2759
3/25/2013 8:51,7.35,8.44,14.2,7.94,583,2741
3/25/2013 8:54,7.34,8.56,21.4,7.94,583,2750
3/25/2013 8:57,7.33,8.5,19.8,7.94,583,2751
3/25/2013 9:00,7.33,8.68,17.7,7.94,583,2760
3/25/2013 9:03,7.32,8.65,24.3,7.94,583,2781
3/25/2013 9:06,7.31,8.68,24.1,7.94,583,2815
3/25/2013 9:09,7.3,8.81,27.4,7.93,583,2847
3/25/2013 9:12,7.3,8.6,26.5,7.93,583,2889
3/25/2013 9:15,7.33,8.56,24.1,7.93,583,2910
3/25/2013 9:18,7.34,8.73,29.1,7.93,583,2947
3/25/2013 9:21,7.34,8.73,25,7.92,583,2984
3/25/2013 9:24,7.32,8.69,27.4,7.93,583,2995
3/25/2013 9:27,7.3,8.74,24.8,7.93,583,2982
3/25/2013 9:30,7.3,8.79,23,7.93,582,2949
3/25/2013 9:33,7.31,8.91,22.1,7.93,582,2933
3/25/2013 9:36,7.32,8.71,21.6,7.92,582,2922
3/25/2013 9:39,7.35,8.68,20.1,7.93,582,2912
3/25/2013 9:42,7.39,8.8,19.6,7.93,582,2897
3/25/2013 9:45,7.41,8.79,18.3,7.93,582,2874
3/25/2013 9:48,7.44,8.77,20.1,7.92,582,2879
3/25/2013 9:51,7.46,8.83,18.3,7.93,582,2856
3/25/2013 9:54,7.48,8.7,17,7.93,582,2847
3/25/2013 9:57,7.51,8.77,16.6,7.93,581,2849
3/25/2013 10:00,7.52,8.89,16.1,7.94,581,2847
3/25/2013 10:03,7.53,8.83,15.6,7.94,581,2839
3/25/2013 10:06,7.53,8.8,15.3,7.94,581,2831
3/25/2013 10:09,7.53,8.88,14.8,7.95,581,2831
3/25/2013 10:12,7.54,8.92,14.9,7.95,581,2822
3/25/2013 10:15,7.56,8.73,14.9,7.95,581,2813
3/25/2013 10:18,7.57,8.86,15.2,7.96,580,2800
3/25/2013 10:21,7.57,8.99,14.6,7.96,580,2779
3/25/2013 10:24,7.57,8.92,14.2,7.96,580,2763
3/25/2013 10:27,7.6,8.95,13.4,7.97,580,2738
3/25/2013 10:30,7.6,8.91,12.8,7.97,579,2721
3/25/2013 10:33,7.6,8.83,12.3,7.97,579,2713
3/25/2013 10:36,7.62,8.76,11.6,7.97,579,2714
3/25/2013 10:39,7.64,8.99,11.3,7.98,579,2712
3/25/2013 10:42,7.66,8.76,11.2,7.97,579,2722
3/25/2013 10:45,7.66,8.92,10.7,7.97,579,2730
3/25/2013 10:48,7.68,8.87,10.9,7.97,579,2733
3/25/2013 10:51,7.72,8.96,11,7.97,579,2735
3/25/2013 10:54,7.76,8.86,11.9,7.97,579,2742
3/25/2013 10:57,7.79,8.92,12.5,7.97,578,2744
3/25/2013 11:00,7.8,8.84,12.7,7.97,578,2742
3/25/2013 11:03,7.77,8.72,12.7,7.98,578,2739
3/25/2013 11:06,7.77,8.81,12.6,7.98,578,2729
3/25/2013 11:09,7.8,8.72,12.3,7.98,578,2715
3/25/2013 11:12,7.82,8.96,13,7.98,577,2701
3/25/2013 11:15,7.86,9.05,12.5,7.98,577,2680
3/25/2013 11:18,7.9,8.9,12,7.98,577,2664
3/25/2013 11:21,7.91,8.92,12.7,7.99,577,2653
3/25/2013 11:24,7.92,8.89,12.5,7.99,577,2635
3/25/2013 11:27,7.93,8.97,13.6,7.99,576,2611
3/25/2013 11:30,7.95,8.78,13,7.99,576,2590
3/25/2013 11:33,7.96,8.87,11.9,8,576,2563
3/25/2013 11:36,7.97,8.82,11.5,8,576,2543
3/25/2013 11:39,7.99,8.88,11.4,8,575,2510
3/25/2013 11:42,8.01,8.77,11.2,8,575,2487
3/25/2013 11:45,8.02,9.05,10.2,8.01,575,2460
3/25/2013 11:48,8.04,8.95,10,8.01,575,2443
3/25/2013 11:51,8.06,8.95,9.4,8.01,574,2414
3/25/2013 11:54,8.07,8.85,9.7,8.02,574,2393
3/25/2013 11:57,8.09,8.98,9.5,8.02,574,2370
3/25/2013 12:00,8.09,8.96,10,8.03,574,2344
3/25/2013 12:03,8.1,9.01,9.9,8.03,573,2327
3/25/2013 12:06,8.11,8.87,10.4,8.03,573,2314
3/25/2013 12:09,8.12,8.94,10.6,8.03,573,2297
3/25/2013 12:12,8.15,8.79,10.3,8.04,573,2282
3/25/2013 12:15,8.17,8.97,10.2,8.04,572,2272
3/25/2013 12:18,8.19,8.89,12.6,8.04,572,2255
3/25/2013 12:21,8.2,8.9,11.5,8.04,572,2239
3/25/2013 12:24,8.2,8.88,11.1,8.04,572,2229
3/25/2013 12:27,8.21,8.9,10.2,8.04,572,2216
3/25/2013 12:30,8.22,9.03,9.8,8.04,571,2210
3/25/2013 12:33,8.24,8.79,9.4,8.05,571,2198
3/25/2013 12:36,8.22,8.88,8.8,8.05,571,2190
3/25/2013 12:39,8.22,9,8.5,8.05,571,2178
3/25/2013 12:42,8.24,8.86,8.2,8.05,571,2167
3/25/2013 12:45,8.25,9.01,8,8.05,571,2159
3/25/2013 12:48,8.26,8.92,8.1,8.05,570,2146
3/25/2013 12:51,8.28,9.03,8.3,8.05,570,2129
3/25/2013 12:54,8.33,8.89,8.4,8.05,570,2114
3/25/2013 12:57,8.36,8.84,8.1,8.05,570,2096
3/25/2013 13:00,8.37,9,8.5,8.06,569,2080
3/25/2013 13:03,8.39,8.96,11.4,8.06,569,2065
3/25/2013 13:06,8.43,8.8,10.2,8.06,569,2050
3/25/2013 13:09,8.43,9.03,9.9,8.06,569,2036
3/25/2013 13:12,8.43,9.06,9.5,8.06,568,2015
3/25/2013 13:15,8.42,8.91,9,8.06,568,2001
3/25/2013 13:18,8.42,8.93,8.8,8.07,568,1987
3/25/2013 13:21,8.42,8.92,8.6,8.07,568,1971
3/25/2013 13:24,8.42,8.92,8.4,8.07,568,1957
3/25/2013 13:27,8.44,8.88,8.3,8.07,567,1941
3/25/2013 13:30,8.46,8.98,8.5,8.08,567,1931
3/25/2013 13:33,8.5,9.08,8.7,8.08,567,1915
3/25/2013 13:36,8.53,8.92,9.1,8.08,567,1906
3/25/2013 13:39,8.53,8.82,9.2,8.08,567,1890
3/25/2013 13:42,8.5,8.94,9.4,8.08,566,1882
3/25/2013 13:45,8.5,8.89,9.3,8.08,566,1869
3/25/2013 13:48,8.51,8.73,9.1,8.08,566,1861
3/25/2013 13:51,8.53,8.71,8.8,8.08,566,1846
3/25/2013 13:54,8.5,8.82,8.2,8.08,566,1836
3/25/2013 13:57,8.49,8.84,8.3,8.09,566,1825
3/25/2013 14:00,8.48,8.93,9,8.09,566,1807
3/25/2013 14:03,8.5,8.97,9.3,8.09,565,1796
3/25/2013 14:06,8.52,8.85,8.7,8.08,565,1785
3/25/2013 14:09,8.56,8.84,8.3,8.08,565,1778
3/25/2013 14:12,8.58,8.83,7.4,8.08,565,1768
3/25/2013 14:15,8.6,8.89,7,8.08,565,1756
3/25/2013 14:18,8.58,8.86,6.4,8.08,565,1750
3/25/2013 14:21,8.56,8.89,6,8.09,565,1740
3/25/2013 14:24,8.56,8.84,5.7,8.08,565,1730
3/25/2013 14:27,8.58,8.95,5.7,8.08,565,1721
3/25/2013 14:30,8.58,8.9,5.4,8.08,565,1714
3/25/2013 14:33,8.58,8.73,5.4,8.08,565,1707
3/25/2013 14:36,8.58,8.93,5.3,8.09,565,1698
3/25/2013 14:39,8.58,8.77,5.4,8.09,565,1692
3/25/2013 14:42,8.57,8.73,5,8.09,565,1679
3/25/2013 14:45,8.56,8.78,5.1,8.09,564,1675
3/25/2013 14:48,8.55,8.8,5,8.09,565,1669
3/25/2013 14:51,8.54,8.79,4.8,8.09,565,1659
3/25/2013 14:54,8.54,8.61,5,8.09,565,1651
3/25/2013 14:57,8.53,8.81,4.8,8.09,565,1646
3/25/2013 15:00,8.54,8.7,5,8.09,565,1639
3/25/2013 15:03,8.54,8.68,5.2,8.09,565,1633
3/25/2013 15:06,8.54,8.69,5.8,8.08,565,1628
3/25/2013 15:09,8.55,8.77,5.8,8.08,565,1623
3/25/2013 15:12,8.55,8.73,5.1,8.08,565,1614
3/25/2013 15:15,8.54,8.79,5,8.09,565,1611
3/25/2013 15:18,8.53,8.64,5.3,8.09,565,1605
3/25/2013 15:21,8.52,8.71,5.8,8.09,565,1599
3/25/2013 15:24,8.51,8.79,8.2,8.08,565,1594
3/25/2013 15:27,8.51,8.69,12.9,8.08,565,1589
3/25/2013 15:30,8.51,8.62,22.5,8.08,565,1585
3/25/2013 15:33,8.52,8.54,9,8.08,565,1577
3/25/2013 15:36,8.53,8.52,9,8.08,565,1574
3/25/2013 15:39,8.53,8.52,9.4,8.08,565,1569
3/25/2013 15:42,8.53,8.41,8.6,8.08,565,1560
3/25/2013 15:45,8.5,8.51,7,8.08,565,1557
3/25/2013 15:48,8.5,8.57,6.4,8.08,565,1548
3/25/2013 15:51,8.51,8.4,6.1,8.08,565,1543
3/25/2013 15:54,8.49,8.51,5.7,8.08,565,1537
3/25/2013 15:57,8.46,8.4,5.3,8.08,565,1531
3/25/2013 16:00,8.46,8.46,5.3,8.08,565,1521
3/25/2013 16:03,8.45,8.43,5.1,8.08,565,1516
3/25/2013 16:06,8.46,8.62,4.8,8.08,565,1511
3/25/2013 16:09,8.47,8.62,4.9,8.08,566,1509
3/25/2013 16:12,8.48,8.51,4.5,8.08,566,1504
3/25/2013 16:15,8.48,8.58,4.6,8.08,566,1498
3/25/2013 16:18,8.49,8.55,4.6,8.08,566,1493
3/25/2013 16:21,8.49,8.5,4.3,8.08,566,1487
3/25/2013 16:24,8.5,8.54,4.2,8.08,566,1484
3/25/2013 16:27,8.51,8.59,4.5,8.08,566,1483
3/25/2013 16:30,8.52,8.46,4.4,8.08,566,1478
3/25/2013 16:33,8.5,8.52,4.4,8.08,566,1474
3/25/2013 16:36,8.5,8.48,4.4,8.08,566,1470
3/25/2013 16:39,8.47,8.37,4.9,8.08,566,1468
3/25/2013 16:42,8.45,8.49,4.5,8.08,566,1465
3/25/2013 16:45,8.43,8.44,4.2,8.08,567,1461
3/25/2013 16:48,8.42,8.42,4.3,8.08,567,1457
3/25/2013 16:51,8.41,8.55,4.3,8.08,567,1453
3/25/2013 16:54,8.4,8.39,4.3,8.07,567,1434
3/25/2013 16:57,8.39,8.4,4.1,8.07,567,1431
3/25/2013 17:00,8.37,8.33,17.6,8.07,567,1427
3/25/2013 17:03,8.35,8.34,3.9,8.07,567,1427
3/25/2013 17:06,8.34,8.27,3.7,8.06,567,1424
3/25/2013 17:09,8.33,8.28,3.8,8.07,567,1421
3/25/2013 17:12,8.33,8.42,3.7,8.06,568,1419
3/25/2013 17:15,8.33,8.24,3.9,8.07,568,1416
3/25/2013 17:18,8.32,8.41,4.2,8.06,568,1412
3/25/2013 17:21,8.31,8.35,4.4,8.06,568,1409
3/25/2013 17:24,8.31,8.28,4.5,8.06,568,1405
3/25/2013 17:27,8.29,8.34,5,8.06,568,1400
3/25/2013 17:30,8.29,8.38,4.7,8.06,569,1395
3/25/2013 17:33,8.28,8.28,4.6,8.06,569,1392
3/25/2013 17:36,8.27,8.21,4.6,8.06,569,1390
3/25/2013 17:39,8.26,8.3,4.5,8.06,569,1387
3/25/2013 17:42,8.25,8.24,4.7,8.06,569,1385
3/25/2013 17:45,8.23,8.41,4.4,8.06,570,1383
3/25/2013 17:48,8.22,8.23,4.4,8.06,570,1381
3/25/2013 17:51,8.19,8.33,3.9,8.06,570,1379
3/25/2013 17:54,8.17,8.31,4,8.06,570,1376
3/25/2013 17:57,8.17,8.07,3.9,8.05,570,1373
3/25/2013 18:00,8.15,8.24,4.3,8.06,570,1369
3/25/2013 18:03,8.15,8.21,5.2,8.05,570,1367
3/25/2013 18:06,8.14,8.11,5.8,8.05,570,1365
3/25/2013 18:09,8.14,8.26,5.7,8.05,571,1361
3/25/2013 18:12,8.13,8.12,5.6,8.05,571,1359
3/25/2013 18:15,8.11,8.1,5,8.05,571,1356
3/25/2013 18:18,8.11,8.21,4.7,8.05,571,1354
3/25/2013 18:21,8.1,8.05,4.2,8.05,571,1352
3/25/2013 18:24,8.1,8.04,4.2,8.05,572,1349
3/25/2013 18:27,8.11,8.18,4,8.05,572,1348
3/25/2013 18:30,8.11,8.23,4.9,8.05,572,1345
3/25/2013 18:33,8.1,8.13,6.6,8.05,572,1341
3/25/2013 18:36,8.1,8.07,7,8.04,572,1338
3/25/2013 18:39,8.08,8.04,7.4,8.04,572,1336
3/25/2013 18:42,8.07,8.2,7.2,8.04,572,1333
3/25/2013 18:45,8.07,8.07,6.7,8.04,572,1331
3/25/2013 18:48,8.08,8.08,6,8.04,573,1329
3/25/2013 18:51,8.07,8.15,5.4,8.04,573,1328
3/25/2013 18:54,8.07,7.99,4.9,8.04,573,1326
3/25/2013 18:57,8.07,8.09,4.5,8.04,573,1323
3/25/2013 19:00,8.06,8.03,4,8.04,573,1321
3/25/2013 19:03,8.06,8.2,3.7,8.04,573,1320
3/25/2013 19:06,8.05,8.02,3.6,8.03,574,1318
3/25/2013 19:09,8.04,8.06,3.6,8.03,574,1317
3/25/2013 19:12,8.01,8.16,3.4,8.04,574,1315
3/25/2013 19:15,8,8.07,3.4,8.03,574,1313
3/25/2013 19:18,7.98,8.08,3.3,8.03,574,1311
3/25/2013 19:21,7.95,8.07,3.1,8.03,575,1311
3/25/2013 19:24,7.94,8,3,8.03,575,1310
3/25/2013 19:27,7.94,7.89,3,8.03,575,1309
3/25/2013 19:30,7.93,8.07,3.1,8.03,575,1308
3/25/2013 19:33,7.92,8.15,3.1,8.03,575,1306
3/25/2013 19:36,7.9,8.17,3,8.03,575,1305
3/25/2013 19:39,7.9,8.12,2.9,8.03,576,1304
3/25/2013 19:42,7.89,8.12,2.9,8.03,576,1303
3/25/2013 19:45,7.88,8.16,2.8,8.03,576,1302
3/25/2013 19:48,7.86,8.2,2.7,8.02,576,1302
3/25/2013 19:51,7.85,8.15,2.6,8.03,576,1300
3/25/2013 19:54,7.84,8.13,2.6,8.03,576,1298
3/25/2013 19:57,7.83,8.06,2.7,8.02,576,1298
3/25/2013 20:00,7.83,8.13,2.7,8.02,576,1297
3/25/2013 20:03,7.82,8.09,2.7,8.02,577,1296
3/25/2013 20:06,7.81,7.99,2.8,8.02,577,1296
3/25/2013 20:09,7.81,8.1,2.6,8.02,577,1295
3/25/2013 20:12,7.8,7.98,2.7,8.02,577,1294
3/25/2013 20:15,7.79,7.99,2.6,8.02,577,1293
3/25/2013 20:18,7.8,8.11,2.6,8.02,577,1291
3/25/2013 20:21,7.78,8.14,2.3,8.02,578,1292
3/25/2013 20:24,7.78,8.15,2.4,8.02,578,1291
3/25/2013 20:27,7.75,8.13,2.5,8.02,578,1291
3/25/2013 20:30,7.73,8.24,2.5,8.02,578,1290
3/25/2013 20:33,7.72,8.12,2.4,8.02,578,1290
3/25/2013 20:36,7.69,8.16,2.4,8.02,578,1289
3/25/2013 20:39,7.67,8.22,2.3,8.02,578,1288
3/25/2013 20:42,7.65,8.16,2.3,8.02,578,1287
3/25/2013 20:45,7.65,8.02,2.2,8.02,579,1286
3/25/2013 20:48,7.64,8.08,2.3,8.02,579,1286
3/25/2013 20:51,7.65,8.09,2.3,8.02,579,1284
3/25/2013 20:54,7.65,8.1,2.2,8.02,579,1284
3/25/2013 20:57,7.65,7.96,2.2,8.02,579,1283
3/25/2013 21:00,7.65,8.03,2.2,8.02,579,1282
3/25/2013 21:03,7.65,8.21,2.2,8.02,579,1282
3/25/2013 21:06,7.65,8.15,2,8.02,579,1282
3/25/2013 21:09,7.65,8.17,2,8.02,579,1281
3/25/2013 21:12,7.66,8.03,1.9,8.02,579,1280
3/25/2013 21:15,7.64,8.09,2.2,8.02,579,1280
3/25/2013 21:18,7.64,8.31,2,8.02,579,1279
3/25/2013 21:21,7.61,8.13,1.9,8.02,580,1279
3/25/2013 21:24,7.62,8.17,2,8.02,580,1278
3/25/2013 21:27,7.61,8.05,2,8.02,580,1278
3/25/2013 21:30,7.62,8.02,1.8,8.02,580,1278
3/25/2013 21:33,7.62,8.11,1.9,8.02,580,1278
3/25/2013 21:36,7.61,8.09,1.7,8.02,580,1277
3/25/2013 21:39,7.6,8.06,1.8,8.02,580,1277
3/25/2013 21:42,7.59,8.26,1.9,8.02,580,1276
3/25/2013 21:45,7.58,8.06,1.9,8.02,580,1277
3/25/2013 21:48,7.56,8.08,1.9,8.02,580,1276
3/25/2013 21:51,7.57,8.11,1.7,8.02,580,1276
3/25/2013 21:54,7.55,8.03,1.7,8.02,580,1276
3/25/2013 21:57,7.56,8.02,1.7,8.02,580,1276
3/25/2013 22:00,7.56,8.17,1.8,8.03,580,1276
3/25/2013 22:03,7.56,8.09,1.7,8.02,580,1276
3/25/2013 22:06,7.55,8.3,1.6,8.02,581,1275
3/25/2013 22:09,7.55,8.07,1.7,8.03,581,1275
3/25/2013 22:12,7.55,8.17,1.6,8.03,581,1275
3/25/2013 22:15,7.53,8.19,1.7,8.03,581,1276
3/25/2013 22:18,7.55,8.23,1.6,8.03,581,1274
3/25/2013 22:21,7.53,8.11,1.5,8.03,581,1275
3/25/2013 22:24,7.52,8.14,1.7,8.03,581,1274
3/25/2013 22:27,7.52,8.29,1.7,8.03,581,1275
3/25/2013 22:30,7.53,8.17,1.7,8.03,581,1274
3/25/2013 22:33,7.52,8.08,1.7,8.03,581,1274
3/25/2013 22:36,7.5,8.24,1.8,8.03,581,1274
3/25/2013 22:39,7.5,8.18,1.8,8.03,581,1274
3/25/2013 22:42,7.5,8.1,1.7,8.03,581,1274
3/25/2013 22:45,7.49,8.19,1.7,8.03,581,1272
3/25/2013 22:48,7.49,8.24,1.7,8.03,581,1273
3/25/2013 22:51,7.48,8.2,1.6,8.03,581,1273
3/25/2013 22:54,7.47,8.24,1.6,8.03,581,1272
3/25/2013 22:57,7.47,8.12,1.6,8.03,581,1272
3/25/2013 23:00,7.48,8.34,1.6,8.03,581,1271
3/25/2013 23:03,7.47,8.28,1.8,8.03,581,1271
3/25/2013 23:06,7.47,8.14,1.7,8.03,581,1271
3/25/2013 23:09,7.47,8.28,1.6,8.03,581,1271
3/25/2013 23:12,7.46,8.28,1.5,8.03,581,1271
3/25/2013 23:15,7.47,8.19,1.5,8.03,581,1270
3/25/2013 23:18,7.46,8.16,1.6,8.03,581,1270
3/25/2013 23:21,7.45,8.15,1.4,8.03,581,1270
3/25/2013 23:24,7.44,8.3,1.4,8.03,581,1269
3/25/2013 23:27,7.45,8.23,1.4,8.03,581,1268
3/25/2013 23:30,7.44,8.13,1.4,8.03,581,1268
3/25/2013 23:33,7.43,8.13,1.4,8.03,581,1268
3/25/2013 23:36,7.45,8.11,1.2,8.03,581,1268
3/25/2013 23:39,7.46,8.24,1.6,8.04,581,1268
3/25/2013 23:42,7.45,8.13,1.4,8.03,582,1268
3/25/2013 23:45,7.46,8.2,1.4,8.04,582,1268
3/25/2013 23:48,7.45,8.22,1.3,8.04,581,1267
3/25/2013 23:51,7.46,8.29,1.4,8.04,582,1267
3/25/2013 23:54,7.46,8.24,1.4,8.04,581,1267
3/25/2013 23:57,7.45,8.23,1.4,8.04,582,1267
3/26/2013 0:00,7.46,8.28,1.2,8.04,582,1267
3/26/2013 0:03,7.44,8.21,1.2,8.04,582,1267
3/26/2013 0:06,7.43,8.24,1.3,8.04,582,1266
3/26/2013 0:09,7.43,8.27,1.2,8.04,582,1266
3/26/2013 0:12,7.44,8.08,1.4,8.04,582,1265
3/26/2013 0:15,7.44,8.18,1.2,8.04,582,1265
3/26/2013 0:18,7.45,8.29,1.3,8.04,582,1265
3/26/2013 0:21,7.43,8.15,1.3,8.04,582,1265
3/26/2013 0:24,7.42,8.29,1.3,8.04,582,1265
3/26/2013 0:27,7.43,8.16,1.3,8.04,582,1264
3/26/2013 0:30,7.43,8.23,1.3,8.04,582,1264
3/26/2013 0:33,7.43,8.17,1.4,8.04,582,1264
3/26/2013 0:36,7.43,8.28,1.3,8.04,582,1263
3/26/2013 0:39,7.39,8.2,1.4,8.04,582,1264
3/26/2013 0:42,7.41,8.21,1.4,8.04,582,1263
3/26/2013 0:45,7.39,8.12,1.3,8.04,582,1264
3/26/2013 0:48,7.41,8.26,1.4,8.04,582,1263
3/26/2013 0:51,7.4,8.26,1.4,8.04,582,1263
3/26/2013 0:54,7.39,8.23,1.2,8.04,582,1262
3/26/2013 0:57,7.39,8.16,1.2,8.04,582,1262
3/26/2013 1:00,7.38,8.24,1.3,8.04,582,1262
3/26/2013 1:03,7.39,8.17,1.2,8.04,582,1262
3/26/2013 1:06,7.38,8.2,1.3,8.04,582,1262
3/26/2013 1:09,7.39,8.31,1.3,8.04,582,1261
3/26/2013 1:12,7.39,8.23,1.3,8.04,582,1260
3/26/2013 1:15,7.38,8.3,1.2,8.04,582,1261
3/26/2013 1:18,7.38,8.31,1.1,8.04,582,1261
3/26/2013 1:21,7.38,8.27,1.2,8.04,582,1260
3/26/2013 1:24,7.38,8.23,1.1,8.04,582,1260
3/26/2013 1:27,7.38,8.07,1.2,8.05,582,1259
3/26/2013 1:30,7.36,8.28,1.2,8.05,582,1260
3/26/2013 1:33,7.35,8.21,1.3,8.05,582,1260
3/26/2013 1:36,7.35,8.2,1.2,8.04,582,1261
3/26/2013 1:39,7.35,8.19,1,8.04,582,1260
3/26/2013 1:42,7.35,8.25,1.1,8.04,582,1260
3/26/2013 1:45,7.34,8.38,1.1,8.05,582,1260
3/26/2013 1:48,7.36,8.26,1.2,8.04,582,1260
3/26/2013 1:51,7.38,8.31,1.1,8.04,582,1259
3/26/2013 1:54,7.36,8.37,1.1,8.04,582,1260
3/26/2013 1:57,7.36,8.17,1,8.05,582,1260
3/26/2013 2:00,7.37,8.22,1.2,8.05,582,1260
3/26/2013 2:03,7.38,8.19,1.3,8.05,582,1260
3/26/2013 2:06,7.39,8.19,0.9,8.05,582,1260
3/26/2013 2:09,7.38,8.17,1.3,8.05,582,1260
3/26/2013 2:12,7.39,8.27,1.1,8.04,583,1260
3/26/2013 2:15,7.4,8.25,1.1,8.05,583,1260
3/26/2013 2:18,7.4,8.19,1.1,8.05,583,1260
3/26/2013 2:21,7.4,8.28,1.1,8.04,583,1260
3/26/2013 2:24,7.41,8.26,1.1,8.05,583,1259
3/26/2013 2:27,7.41,8.13,1.2,8.05,583,1259
3/26/2013 2:30,7.41,8.27,1.1,8.05,583,1260
3/26/2013 2:33,7.41,8.09,1.1,8.05,583,1260
3/26/2013 2:36,7.41,8.17,1.1,8.04,583,1260
3/26/2013 2:39,7.44,8.28,1.1,8.05,583,1259
3/26/2013 2:42,7.43,8.27,1.1,8.05,583,1260
3/26/2013 2:45,7.43,8.13,1,8.05,583,1259
3/26/2013 2:48,7.43,8.1,1,8.05,583,1260
3/26/2013 2:51,7.43,8.33,1.1,8.05,583,1259
3/26/2013 2:54,7.43,8.32,1.1,8.05,583,1259
3/26/2013 2:57,7.44,8.13,1.2,8.05,583,1258
3/26/2013 3:00,7.4,8.11,1.1,8.05,583,1260
3/26/2013 3:03,7.41,8.32,1.1,8.05,583,1259
3/26/2013 3:06,7.4,8.29,1.1,8.05,583,1260
3/26/2013 3:09,7.41,8.33,1.1,8.05,583,1260
3/26/2013 3:12,7.41,8.25,1.1,8.05,583,1259
3/26/2013 3:15,7.39,8.28,1.1,8.05,583,1258
3/26/2013 3:18,7.4,8.11,1.1,8.05,583,1258
3/26/2013 3:21,7.39,8.27,1.1,8.05,583,1258
3/26/2013 3:24,7.39,8.27,1.1,8.05,583,1258
3/26/2013 3:27,7.38,8.23,1.1,8.05,583,1258
3/26/2013 3:30,7.39,8.31,1,8.05,583,1258
3/26/2013 3:33,7.39,8.19,1.1,8.05,583,1257
3/26/2013 3:36,7.39,8.29,0.9,8.05,583,1258
3/26/2013 3:39,7.37,8.31,1,8.05,583,1258
3/26/2013 3:42,7.38,8.23,1,8.05,583,1258
3/26/2013 3:45,7.36,8.26,0.9,8.05,583,1259
3/26/2013 3:48,7.36,8.32,1.1,8.05,583,1258
3/26/2013 3:51,7.36,8.25,0.9,8.05,583,1259
3/26/2013 3:54,7.37,8.13,0.9,8.05,583,1258
3/26/2013 3:57,7.38,8.22,1.1,8.05,583,1258
3/26/2013 4:00,7.38,8.27,0.9,8.05,583,1258
3/26/2013 4:03,7.38,8.17,0.7,8.05,583,1258
3/26/2013 4:06,7.4,8.17,0,8.05,583,1256
3/26/2013 4:09,7.4,8.2,0.7,8.05,583,1257
3/26/2013 4:12,7.4,8.36,0.4,8.05,584,1256
3/26/2013 4:15,7.41,8.27,0.3,8.05,583,1256
3/26/2013 4:18,7.4,8.25,0.5,8.05,584,1256
3/26/2013 4:21,7.4,8.18,0.3,8.05,584,1256
3/26/2013 4:24,7.41,8.27,0.5,8.05,584,1256
3/26/2013 4:27,7.41,8.17,0.5,8.05,584,1255
3/26/2013 4:30,7.43,8.34,0.1,8.05,584,1255
3/26/2013 4:33,7.41,8.26,0.3,8.05,584,1254
3/26/2013 4:36,7.42,8.16,0.5,8.05,584,1255
3/26/2013 4:39,7.41,8.16,0.2,8.05,584,1255
3/26/2013 4:42,7.41,8.19,0.3,8.05,584,1254
3/26/2013 4:45,7.43,8.36,0.3,8.05,584,1254
3/26/2013 4:48,7.44,8.3,0.3,8.05,584,1254
3/26/2013 4:51,7.43,8.24,0.3,8.05,584,1254
3/26/2013 4:54,7.42,8.15,0.2,8.05,584,1255
3/26/2013 4:57,7.44,8.18,0.4,8.05,584,1254
3/26/2013 5:00,7.43,8.16,0.4,8.05,584,1254
3/26/2013 5:03,7.43,8.29,0.2,8.05,584,1254
3/26/2013 5:06,7.43,8.36,0.3,8.06,584,1254
3/26/2013 5:09,7.42,8.14,0.3,8.05,584,1253
3/26/2013 5:12,7.41,8.29,0.3,8.06,584,1254
3/26/2013 5:15,7.42,8.36,0.3,8.05,584,1254
3/26/2013 5:18,7.41,8.26,0.4,8.05,584,1254
3/26/2013 5:21,7.4,8.09,0.5,8.05,584,1254
3/26/2013 5:24,7.39,8.19,0.6,8.05,584,1254
3/26/2013 5:27,7.39,8.12,0.6,8.05,584,1254
3/26/2013 5:30,7.39,8.13,0.7,8.05,584,1254
3/26/2013 5:33,7.38,8.22,0.9,8.05,584,1254
3/26/2013 5:36,7.37,8.14,1,8.05,584,1254
3/26/2013 5:39,7.38,8.2,0.9,8.05,584,1252
3/26/2013 5:42,7.39,8.25,0.9,8.05,584,1253
3/26/2013 5:45,7.38,8.31,0.9,8.05,584,1254
3/26/2013 5:48,7.38,8.24,0.9,8.06,584,1254
3/26/2013 5:51,7.39,8.1,0.9,8.06,584,1253
3/26/2013 5:54,7.38,8.26,0.9,8.05,584,1253
3/26/2013 5:57,7.38,8.27,0.9,8.06,584,1253
3/26/2013 6:00,7.39,8.29,0.8,8.06,584,1252
3/26/2013 6:03,7.39,8.11,0.6,8.06,584,1252
3/26/2013 6:06,7.38,8.14,1,8.06,584,1252
3/26/2013 6:09,7.38,8.17,1.7,8.06,585,1252
3/26/2013 6:12,7.37,8.22,1.9,8.06,584,1253
3/26/2013 6:15,7.39,8.15,2.3,8.06,585,1253
3/26/2013 6:18,7.4,8.22,2.5,8.06,584,1251
3/26/2013 6:21,7.39,8.23,2.5,8.06,584,1252
3/26/2013 6:24,7.4,8.2,2.6,8.06,584,1252
3/26/2013 6:27,7.4,8.28,2.3,8.06,584,1252
3/26/2013 6:30,7.41,8.14,2.3,8.06,584,1251
3/26/2013 6:33,7.41,8.27,2,8.06,584,1251
3/26/2013 6:36,7.4,8.25,1.8,8.05,584,1252
3/26/2013 6:39,7.43,8.16,1.5,8.06,584,1251
3/26/2013 6:42,7.41,8.29,1.4,8.06,584,1251
3/26/2013 6:45,7.41,8.25,1.3,8.06,584,1251
3/26/2013 6:48,7.42,8.28,1.2,8.06,584,1251
3/26/2013 6:51,7.42,8.23,1.4,8.06,584,1251
3/26/2013 6:54,7.41,8.26,1.2,8.06,584,1251
3/26/2013 6:57,7.42,8.31,1.3,8.06,584,1250
3/26/2013 7:00,7.43,8.2,1,8.06,584,1250
3/26/2013 7:03,7.43,8.2,1.1,8.06,584,1249
3/26/2013 7:06,7.43,8.35,1.2,8.06,584,1248
3/26/2013 7:09,7.43,8.23,1.4,8.06,584,1249
3/26/2013 7:12,7.44,8.17,1.8,8.06,584,1247
3/26/2013 7:15,7.43,8.25,2.2,8.06,584,1248
3/26/2013 7:18,7.42,8.3,2.5,8.06,584,1249
3/26/2013 7:21,7.41,8.15,2,8.06,584,1249
3/26/2013 7:24,7.42,8.23,2,8.06,584,1248
3/26/2013 7:27,7.42,8.26,2,8.06,584,1248
3/26/2013 7:30,7.42,8.31,1.8,8.06,584,1247
3/26/2013 7:33,7.44,8.33,1.9,8.06,584,1247
3/26/2013 7:36,7.45,8.46,1.6,8.06,584,1247
3/26/2013 7:39,7.45,8.42,1.7,8.07,584,1247
3/26/2013 7:42,7.45,8.32,1.4,8.06,584,1246
3/26/2013 7:45,7.46,8.2,1.3,8.07,584,1245
3/26/2013 7:48,7.47,8.29,1.3,8.07,584,1245
3/26/2013 7:51,7.44,8.27,1.3,8.07,584,1245
3/26/2013 7:54,7.46,8.1,2,8.07,584,1245
3/26/2013 7:57,7.46,8.22,4.3,8.07,584,1245
3/26/2013 8:00,7.46,8.2,5.3,8.07,584,1244
3/26/2013 8:03,7.49,8.38,4.9,8.07,584,1244
3/26/2013 8:06,7.47,8.26,4.5,8.08,584,1244
3/26/2013 8:09,7.46,8.1,6,8.08,584,1243
3/26/2013 8:12,7.48,8.31,6.7,8.08,584,1243
3/26/2013 8:15,7.49,8.38,5.9,8.08,584,1244
3/26/2013 8:18,7.49,8.27,6,8.08,584,1243
3/26/2013 8:21,7.51,8.4,5.4,8.08,584,1243
3/26/2013 8:24,7.54,8.48,6.7,8.08,583,1242
3/26/2013 8:27,7.54,8.23,6.8,8.08,583,1243
3/26/2013 8:30,7.54,8.33,11,8.09,583,1242
3/26/2013 8:33,7.55,8.38,6.5,8.09,583,1241
3/26/2013 8:36,7.56,8.35,5.8,8.09,583,1241
3/26/2013 8:39,7.57,8.38,3.5,8.09,583,1240
3/26/2013 8:42,7.61,8.39,4.1,8.09,583,1240
3/26/2013 8:45,7.63,8.28,4.2,8.09,583,1239
3/26/2013 8:48,7.65,8.39,4.1,8.1,583,1237
3/26/2013 8:51,7.65,8.38,4.8,8.1,582,1237
3/26/2013 8:54,7.66,8.45,3.4,8.1,582,1237
3/26/2013 8:57,7.67,8.46,2.8,8.1,582,1237
3/26/2013 9:00,7.67,8.44,2.3,8.1,582,1236
3/26/2013 9:03,7.67,8.3,2.2,8.1,582,1236
3/26/2013 9:06,7.68,8.4,2,8.1,582,1236
3/26/2013 9:09,7.68,8.48,1.6,8.1,582,1236
3/26/2013 9:12,7.71,8.35,1.8,8.11,582,1234
3/26/2013 9:15,7.7,8.37,1.4,8.11,581,1235
3/26/2013 9:18,7.72,8.35,1.4,8.11,581,1234
3/26/2013 9:21,7.74,8.45,1.3,8.11,581,1233
3/26/2013 9:24,7.75,8.4,1.3,8.12,581,1232
3/26/2013 9:27,7.76,8.5,1.5,8.12,581,1231
3/26/2013 9:30,7.76,8.41,1.2,8.12,581,1230
3/26/2013 9:33,7.78,8.39,1.4,8.12,580,1230
3/26/2013 9:36,7.79,8.66,1.3,8.12,580,1230
3/26/2013 9:39,7.8,8.39,1.3,8.12,580,1228
3/26/2013 9:42,7.82,8.48,1.3,8.12,580,1228
3/26/2013 9:45,7.82,8.43,1.2,8.12,579,1227
3/26/2013 9:48,7.83,8.69,1.3,8.13,579,1227
3/26/2013 9:51,7.83,8.65,1.2,8.13,579,1226
3/26/2013 9:54,7.84,8.52,1.2,8.13,579,1225
3/26/2013 9:57,7.85,8.52,1.4,8.13,579,1224
3/26/2013 10:00,7.86,8.47,1.4,8.13,579,1224
3/26/2013 10:03,7.88,8.59,2.1,8.13,579,1223
3/26/2013 10:06,7.89,8.55,2.4,8.13,579,1221
3/26/2013 10:09,7.88,8.55,3.3,8.13,579,1220
3/26/2013 10:12,7.9,8.53,2.6,8.14,578,1219
3/26/2013 10:15,7.92,8.46,2.1,8.14,578,1218
3/26/2013 10:18,7.93,8.46,3.3,8.14,578,1217
3/26/2013 10:21,7.96,8.62,3.4,8.14,578,1216
3/26/2013 10:24,7.97,8.41,3.3,8.14,578,1215
3/26/2013 10:27,7.99,8.44,3.1,8.14,578,1213
3/26/2013 10:30,7.99,8.54,3.1,8.15,578,1212
3/26/2013 10:33,7.99,8.44,3,8.15,578,1212
3/26/2013 10:36,7.99,8.42,2.7,8.15,578,1210
3/26/2013 10:39,8,8.62,2.2,8.14,578,1210
3/26/2013 10:42,8.02,8.41,2,8.15,577,1209
3/26/2013 10:45,8.03,8.47,2,8.15,577,1208
3/26/2013 10:48,8.04,8.57,1.5,8.15,577,1207
3/26/2013 10:51,8.05,8.47,1.8,8.15,577,1206
3/26/2013 10:54,8.06,8.55,1.7,8.15,577,1205
3/26/2013 10:57,8.07,8.59,1.9,8.15,577,1204
3/26/2013 11:00,8.08,8.56,2.3,8.15,577,1203
3/26/2013 11:03,8.07,8.5,2.3,8.14,577,1200
3/26/2013 11:06,8.07,8.47,2.7,8.15,576,1200
3/26/2013 11:09,8.08,8.46,2.1,8.15,576,1199
3/26/2013 11:12,8.09,8.58,2.2,8.15,576,1198
3/26/2013 11:15,8.1,8.54,2.1,8.15,576,1196
3/26/2013 11:18,8.11,8.5,2,8.15,576,1194
3/26/2013 11:21,8.12,8.52,1.9,8.15,576,1191
3/26/2013 11:24,8.12,8.52,1.7,8.15,576,1190
3/26/2013 11:27,8.14,8.51,1.5,8.15,576,1187
3/26/2013 11:30,8.15,8.55,1.5,8.15,576,1185
3/26/2013 11:33,8.16,8.37,1.4,8.15,576,1184
3/26/2013 11:36,8.15,8.41,1.4,8.15,576,1183
3/26/2013 11:39,8.17,8.54,1.5,8.15,576,1182
3/26/2013 11:42,8.18,8.58,1.3,8.15,576,1180
3/26/2013 11:45,8.18,8.46,1.4,8.15,576,1179
3/26/2013 11:48,8.19,8.42,1.3,8.15,575,1179
3/26/2013 11:51,8.2,8.52,1.4,8.15,575,1178
3/26/2013 11:54,8.22,8.47,1.3,8.15,575,1176
3/26/2013 11:57,8.22,8.43,1.3,8.15,575,1174
3/26/2013 12:00,8.23,8.51,1.3,8.15,575,1173
3/26/2013 12:03,8.23,8.6,1.2,8.15,575,1172
3/26/2013 12:06,8.24,8.42,1.3,8.16,575,1171
3/26/2013 12:09,8.24,8.51,1.3,8.16,575,1170
3/26/2013 12:12,8.25,8.58,1.2,8.16,574,1168
3/26/2013 12:15,8.26,8.42,1.6,8.16,574,1167
3/26/2013 12:18,8.27,8.54,1.4,8.16,574,1165
3/26/2013 12:21,8.3,8.55,1.3,8.16,574,1164
3/26/2013 12:24,8.33,8.53,1.5,8.16,574,1163
3/26/2013 12:27,8.35,8.53,1.5,8.16,574,1163
3/26/2013 12:30,8.38,8.49,1.5,8.16,574,1162
3/26/2013 12:33,8.4,8.55,1.7,8.16,574,1160
3/26/2013 12:36,8.43,8.66,1.6,8.16,574,1160
3/26/2013 12:39,8.45,8.59,1.8,8.16,574,1159
3/26/2013 12:42,8.44,8.57,1.8,8.16,574,1157
3/26/2013 12:45,8.43,8.54,1.6,8.16,574,1156
3/26/2013 12:48,8.43,8.56,1.6,8.16,574,1155
3/26/2013 12:51,8.43,8.52,1.6,8.16,574,1153
3/26/2013 12:54,8.44,8.46,1.6,8.16,573,1151
3/26/2013 12:57,8.46,8.6,1.6,8.17,573,1145
3/26/2013 13:00,8.48,8.51,1.5,8.16,573,1141
3/26/2013 13:03,8.51,8.55,1.6,8.16,573,1139
3/26/2013 13:06,8.54,8.5,1.5,8.16,573,1136
3/26/2013 13:09,8.59,8.54,1.8,8.16,572,1133
3/26/2013 13:12,8.63,8.69,1.6,8.17,572,1130
3/26/2013 13:15,8.69,8.53,1.8,8.17,572,1129
3/26/2013 13:18,8.72,8.55,1.7,8.17,572,1126
3/26/2013 13:21,8.69,8.52,1.8,8.17,572,1124
3/26/2013 13:24,8.67,8.48,1.6,8.16,572,1122
3/26/2013 13:27,8.65,8.5,1.7,8.16,572,1119
3/26/2013 13:30,8.66,8.6,1.7,8.16,572,1115
3/26/2013 13:33,8.72,8.65,1.7,8.16,572,1110
3/26/2013 13:36,8.75,8.61,1.8,8.16,572,1106
3/26/2013 13:39,8.79,8.38,2,8.16,571,1101
3/26/2013 13:42,8.81,8.46,2,8.17,571,1096
3/26/2013 13:45,8.83,8.57,1.9,8.16,571,1093
3/26/2013 13:48,8.81,8.64,1.8,8.16,571,1091
3/26/2013 13:51,8.79,8.55,1.8,8.16,571,1089
3/26/2013 13:54,8.8,8.47,1.8,8.17,571,1086
3/26/2013 13:57,8.83,8.51,2.2,8.17,571,1082
3/26/2013 14:00,8.87,8.59,2,8.17,570,1081
3/26/2013 14:03,8.89,8.61,2.2,8.17,570,1078
3/26/2013 14:06,8.92,8.58,2.2,8.17,570,1075
3/26/2013 14:09,8.94,8.56,2.3,8.16,570,1072
3/26/2013 14:12,8.98,8.61,2.3,8.17,570,1070
3/26/2013 14:15,8.97,8.39,2.4,8.16,570,1067
3/26/2013 14:18,8.95,8.54,2.3,8.16,570,1065
3/26/2013 14:21,8.93,8.53,2.2,8.16,570,1065
3/26/2013 14:24,8.92,8.66,2.3,8.16,570,1062
3/26/2013 14:27,8.92,8.66,2.1,8.16,570,1060
3/26/2013 14:30,8.93,8.58,2.5,8.16,570,1059
3/26/2013 14:33,8.98,8.64,2.4,8.16,570,1053
3/26/2013 14:36,8.98,8.69,2.6,8.16,569,1049
3/26/2013 14:39,9,8.4,2.5,8.16,569,1047
3/26/2013 14:42,8.99,8.45,3.1,8.16,569,1042
3/26/2013 14:45,8.99,8.54,3.3,8.16,569,1038
3/26/2013 14:48,8.97,8.65,11.2,8.16,569,1032
3/26/2013 14:51,8.98,8.54,3.6,8.16,569,1027
3/26/2013 14:54,8.99,8.5,3.7,8.17,569,1017
3/26/2013 14:57,8.97,8.67,3.5,8.16,569,1007
3/26/2013 15:00,8.99,8.79,3.5,8.16,568,993
3/26/2013 15:03,9.02,8.67,3.7,8.17,568,981
3/26/2013 15:06,9.06,8.69,3.6,8.16,568,972
3/26/2013 15:09,9.09,8.61,3.5,8.16,568,965
3/26/2013 15:12,9.12,8.65,3.6,8.16,568,959
3/26/2013 15:15,9.13,8.59,3.5,8.16,568,957
3/26/2013 15:18,9.13,8.7,3.6,8.16,568,957
3/26/2013 15:21,9.14,8.76,3.4,8.16,568,957
3/26/2013 15:24,9.15,8.55,3.6,8.15,568,959
3/26/2013 15:27,9.15,8.45,3.4,8.15,568,960
3/26/2013 15:30,9.12,8.5,3.6,8.15,568,962
3/26/2013 15:33,9.1,8.61,3.9,8.15,568,964
3/26/2013 15:36,9.06,8.64,3.8,8.14,568,967
3/26/2013 15:39,9.04,8.58,3.8,8.14,568,967
3/26/2013 15:42,9,8.64,3.6,8.14,569,967
3/26/2013 15:45,8.99,8.69,3.9,8.14,569,965
3/26/2013 15:48,8.99,8.51,3.5,8.14,569,965
3/26/2013 15:51,8.97,8.59,3.6,8.14,569,964
3/26/2013 15:54,8.96,8.68,3.5,8.14,569,965
3/26/2013 15:57,8.94,8.65,3.3,8.14,569,965
3/26/2013 16:00,8.9,8.58,3.2,8.14,569,966
3/26/2013 16:03,8.89,8.53,3.4,8.13,569,967
3/26/2013 16:06,8.86,8.63,3.1,8.13,570,970
3/26/2013 16:09,8.84,8.5,3.1,8.13,570,972
3/26/2013 16:12,8.81,8.59,2.9,8.13,570,974
3/26/2013 16:15,8.79,8.61,3.1,8.13,570,977
3/26/2013 16:18,8.76,8.61,3,8.12,570,979
3/26/2013 16:21,8.73,8.63,2.9,8.12,570,981
3/26/2013 16:24,8.71,8.45,2.7,8.12,571,982
3/26/2013 16:27,8.7,8.44,2.8,8.12,571,983
3/26/2013 16:30,8.71,8.6,2.7,8.12,571,984
3/26/2013 16:33,8.7,8.52,2.9,8.12,571,986
3/26/2013 16:36,8.69,8.53,2.8,8.11,571,987
3/26/2013 16:39,8.68,8.55,3,8.11,572,989
3/26/2013 16:42,8.67,8.5,2.9,8.11,572,990
3/26/2013 16:45,8.67,8.38,2.9,8.11,572,991
3/26/2013 16:48,8.67,8.55,2.9,8.1,573,993
3/26/2013 16:51,8.67,8.38,3,8.1,573,994
3/26/2013 16:54,8.66,8.41,3.1,8.09,573,993
3/26/2013 16:57,8.65,8.52,2.7,8.09,573,992
3/26/2013 17:00,8.64,8.38,2.7,8.09,573,994
3/26/2013 17:03,8.62,8.51,2.9,8.09,574,994
3/26/2013 17:06,8.61,8.44,2.9,8.09,574,994
3/26/2013 17:09,8.59,8.5,2.9,8.08,574,996
3/26/2013 17:12,8.58,8.42,3.1,8.08,574,997
3/26/2013 17:15,8.56,8.38,3,8.08,574,998
3/26/2013 17:18,8.56,8.41,2.9,8.08,575,1000
3/26/2013 17:21,8.56,8.47,2.9,8.07,575,1000
3/26/2013 17:24,8.56,8.4,2.9,8.07,575,1000
3/26/2013 17:27,8.56,8.24,2.9,8.07,575,1001
3/26/2013 17:30,8.56,8.28,2.9,8.07,575,1001
3/26/2013 17:33,8.57,8.27,3.1,8.07,576,1001
3/26/2013 17:36,8.56,8.26,3.3,8.07,576,1001
3/26/2013 17:39,8.56,8.29,3.3,8.07,576,1000
3/26/2013 17:42,8.54,8.27,3.4,8.07,576,1001
3/26/2013 17:45,8.53,8.2,3.3,8.07,576,1002
3/26/2013 17:48,8.52,8.15,3.1,8.07,576,1003
3/26/2013 17:51,8.51,8.12,2.9,8.07,577,1004
3/26/2013 17:54,8.49,8.17,2.7,8.07,577,1005
3/26/2013 17:57,8.49,8.29,2.5,8.06,577,1007
3/26/2013 18:00,8.48,8.23,2.6,8.07,577,1008
3/26/2013 18:03,8.48,8.13,2.5,8.07,577,1009
3/26/2013 18:06,8.47,8.17,2.4,8.07,578,1010
3/26/2013 18:09,8.47,8.2,2.4,8.06,578,1011
3/26/2013 18:12,8.46,8.33,2.4,8.06,578,1013
3/26/2013 18:15,8.45,8.19,2.3,8.06,578,1013
3/26/2013 18:18,8.43,8.26,2.2,8.06,578,1015
3/26/2013 18:21,8.42,8.22,2.5,8.06,578,1016
3/26/2013 18:24,8.41,8.19,2.4,8.06,579,1017
3/26/2013 18:27,8.39,8.27,2.3,8.06,579,1018
3/26/2013 18:30,8.39,8.26,2.4,8.06,579,1019
3/26/2013 18:33,8.38,8.29,2.3,8.06,579,1020
3/26/2013 18:36,8.38,8.22,2.3,8.06,579,1021
3/26/2013 18:39,8.36,8.06,2.4,8.06,579,1022
3/26/2013 18:42,8.35,8.18,2.5,8.06,580,1023
3/26/2013 18:45,8.35,8.26,2.4,8.05,580,1025
3/26/2013 18:48,8.34,8.21,2.3,8.05,580,1027
3/26/2013 18:51,8.34,8.17,2.3,8.05,580,1028
3/26/2013 18:54,8.32,8.15,2.3,8.05,580,1030
3/26/2013 18:57,8.32,8.14,2.4,8.05,581,1032
3/26/2013 19:00,8.31,8.15,2.2,8.05,581,1033
3/26/2013 19:03,8.3,8.1,2.3,8.05,581,1034
3/26/2013 19:06,8.29,8.19,2.2,8.05,581,1036
3/26/2013 19:09,8.28,8.07,2.2,8.04,581,1036
3/26/2013 19:12,8.26,8.17,2.2,8.05,581,1039
3/26/2013 19:15,8.24,8.07,2.1,8.04,582,1039
3/26/2013 19:18,8.23,8.08,2.1,8.05,582,1040
3/26/2013 19:21,8.23,8.04,2.1,8.05,582,1041
3/26/2013 19:24,8.22,8.15,2.1,8.05,582,1042
3/26/2013 19:27,8.22,8.16,2,8.04,582,1042
3/26/2013 19:30,8.2,8.1,2.1,8.05,582,1043
3/26/2013 19:33,8.22,8.1,2.1,8.04,582,1043
3/26/2013 19:36,8.21,8.13,2.1,8.04,583,1044
3/26/2013 19:39,8.21,8.14,2.3,8.04,583,1045
3/26/2013 19:42,8.2,8.22,2.8,8.04,583,1045
3/26/2013 19:45,8.2,8.17,2.3,8.04,583,1046
3/26/2013 19:48,8.18,8.1,2.3,8.04,583,1047
3/26/2013 19:51,8.17,7.99,2.4,8.04,583,1048
3/26/2013 19:54,8.17,7.99,2.3,8.04,583,1049
3/26/2013 19:57,8.17,8.13,2.3,8.04,583,1050
3/26/2013 20:00,8.17,8.19,2.5,8.04,584,1051
3/26/2013 20:03,8.16,8.07,2.2,8.04,584,1051
3/26/2013 20:06,8.15,8.13,2.2,8.04,584,1052
3/26/2013 20:09,8.16,8.09,2.2,8.04,584,1053
3/26/2013 20:12,8.15,8.11,2.3,8.04,584,1052
3/26/2013 20:15,8.15,8.16,2.4,8.04,584,1054
3/26/2013 20:18,8.15,8.11,2.3,8.04,584,1055
3/26/2013 20:21,8.14,7.98,2.2,8.04,584,1056
3/26/2013 20:24,8.14,8.1,2.1,8.04,584,1056
3/26/2013 20:27,8.13,8.13,2.1,8.04,584,1057
3/26/2013 20:30,8.12,7.96,2.7,8.04,584,1057
3/26/2013 20:33,8.12,8.04,2.8,8.04,585,1059
3/26/2013 20:36,8.11,8.12,2.5,8.04,585,1059
3/26/2013 20:39,8.11,8.11,2.3,8.04,585,1060
3/26/2013 20:42,8.1,8.2,2.7,8.04,585,1061
3/26/2013 20:45,8.11,8.13,2.5,8.04,585,1062
3/26/2013 20:48,8.11,8.21,2.1,8.04,585,1063
3/26/2013 20:51,8.11,8.03,2.8,8.04,585,1064
3/26/2013 20:54,8.11,8.12,2.7,8.04,585,1064
3/26/2013 20:57,8.1,8.14,2.2,8.04,586,1065
3/26/2013 21:00,8.1,8.08,2.6,8.04,585,1066
3/26/2013 21:03,8.09,8.1,2.2,8.04,586,1067
3/26/2013 21:06,8.08,8.12,2.3,8.04,586,1067
3/26/2013 21:09,8.09,8.27,2.6,8.05,586,1068
3/26/2013 21:12,8.07,8.15,2.2,8.04,586,1070
3/26/2013 21:15,8.08,8.26,2.3,8.04,586,1070
3/26/2013 21:18,8.06,8.01,2.1,8.04,586,1072
3/26/2013 21:21,8.05,8.17,2.1,8.04,586,1073
3/26/2013 21:24,8.05,8.05,2.1,8.05,586,1074
3/26/2013 21:27,8.03,8.14,2.6,8.05,586,1075
3/26/2013 21:30,8.03,8.27,2.5,8.05,586,1076
3/26/2013 21:33,8.03,8.13,2.2,8.05,586,1078
3/26/2013 21:36,8.02,8.33,1.9,8.05,586,1079
3/26/2013 21:39,8.02,8.2,1.7,8.05,586,1079
3/26/2013 21:42,8.02,8.2,1.8,8.05,586,1079
3/26/2013 21:45,7.99,8.17,1.6,8.05,586,1081
3/26/2013 21:48,7.99,8.11,1.7,8.05,587,1080
3/26/2013 21:51,7.99,8.16,1.5,8.05,587,1081
3/26/2013 21:54,7.98,8.05,1.6,8.05,587,1081
3/26/2013 21:57,7.96,8.08,1.4,8.05,587,1083
3/26/2013 22:00,7.97,8.09,1.6,8.05,587,1083
3/26/2013 22:03,7.98,8.14,1.5,8.05,587,1083
3/26/2013 22:06,7.98,8.24,1.6,8.05,587,1083
3/26/2013 22:09,7.98,8.17,1.5,8.05,587,1083
3/26/2013 22:12,7.98,8.17,1.4,8.05,587,1083
3/26/2013 22:15,7.98,8.24,1.6,8.05,587,1085
3/26/2013 22:18,7.99,8.17,1.5,8.05,587,1084
3/26/2013 22:21,7.97,8.15,1.5,8.05,587,1086
3/26/2013 22:24,7.97,8.21,1.3,8.05,587,1086
3/26/2013 22:27,7.98,8.18,1.5,8.05,587,1087
3/26/2013 22:30,7.98,8.29,1.4,8.05,587,1087
3/26/2013 22:33,7.96,8.12,1.4,8.05,587,1088
3/26/2013 22:36,7.95,8.13,1.4,8.05,587,1089
3/26/2013 22:39,7.96,8.16,1.4,8.05,587,1089
3/26/2013 22:42,7.97,8.18,1.4,8.05,587,1089
3/26/2013 22:45,7.98,8.1,1.4,8.05,587,1090
3/26/2013 22:48,7.97,8.09,1.4,8.05,587,1089
3/26/2013 22:51,7.95,8.07,1.5,8.06,587,1090
3/26/2013 22:54,7.96,8.08,1.4,8.05,587,1091
3/26/2013 22:57,7.96,8.1,1.4,8.05,587,1092
3/26/2013 23:00,7.99,8.29,1.4,8.05,587,1092
3/26/2013 23:03,7.99,8.05,1.3,8.05,588,1091
3/26/2013 23:06,7.98,8.18,1.5,8.05,588,1093
3/26/2013 23:09,7.98,8.25,1.4,8.05,588,1093
3/26/2013 23:12,7.97,8.18,1.2,8.05,588,1092
3/26/2013 23:15,7.96,8.21,1.3,8.05,588,1092
3/26/2013 23:18,7.96,8.12,1.2,8.05,588,1092
3/26/2013 23:21,7.95,8.22,1.3,8.05,588,1093
3/26/2013 23:24,7.96,8.18,1.4,8.05,588,1093
3/26/2013 23:27,7.95,8.17,1.3,8.05,588,1093
3/26/2013 23:30,7.93,8.08,1.3,8.05,588,1094
3/26/2013 23:33,7.93,8.09,1.4,8.05,588,1093
3/26/2013 23:36,7.94,8.27,1.2,8.05,588,1094
3/26/2013 23:39,7.92,8.26,1.2,8.05,588,1095
3/26/2013 23:42,7.93,8.23,1.3,8.05,588,1094
3/26/2013 23:45,7.93,8.08,1.3,8.06,588,1094
3/26/2013 23:48,7.91,8.12,1.3,8.06,588,1094
3/26/2013 23:51,7.9,8.14,1.4,8.05,588,1095
3/26/2013 23:54,7.9,8.12,1.2,8.05,588,1095
3/26/2013 23:57,7.92,8.11,1.1,8.06,588,1095
3/27/2013 0:00,7.91,8.17,1.1,8.06,588,1095
3/27/2013 0:03,7.9,8.11,1.3,8.06,588,1095
3/27/2013 0:06,7.89,8.05,1.1,8.06,588,1095
3/27/2013 0:09,7.88,8.2,1.2,8.06,588,1096
3/27/2013 0:12,7.89,8.09,1.1,8.06,588,1095
3/27/2013 0:15,7.88,8.09,1.2,8.06,589,1096
3/27/2013 0:18,7.87,8,1.2,8.06,588,1096
3/27/2013 0:21,7.88,8.18,1.2,8.06,589,1096
3/27/2013 0:24,7.86,8.16,1,8.06,589,1096
3/27/2013 0:27,7.85,8.04,1.2,8.06,589,1096
3/27/2013 0:30,7.85,8.08,1.2,8.06,589,1095
3/27/2013 0:33,7.84,8.16,1.2,8.06,589,1096
3/27/2013 0:36,7.85,8.19,1.2,8.06,589,1095
3/27/2013 0:39,7.84,8.14,1.2,8.06,589,1095
3/27/2013 0:42,7.83,8.14,1.2,8.06,589,1093
3/27/2013 0:45,7.82,8.07,1.2,8.06,589,1095
3/27/2013 0:48,7.82,8.05,1.4,8.06,589,1094
3/27/2013 0:51,7.82,8.24,1.3,8.06,589,1095
3/27/2013 0:54,7.84,8.08,1.2,8.06,589,1094
3/27/2013 0:57,7.83,8.14,1,8.06,589,1093
3/27/2013 1:00,7.8,8.06,1.2,8.06,589,1095
3/27/2013 1:03,7.82,8.05,1.3,8.06,589,1093
3/27/2013 1:06,7.82,8.03,1.2,8.06,589,1093
3/27/2013 1:09,7.81,8.04,1.3,8.06,589,1093
3/27/2013 1:12,7.82,8.09,1.1,8.06,589,1093
3/27/2013 1:15,7.83,8.14,1,8.06,589,1092
3/27/2013 1:18,7.8,8.17,1.1,8.06,589,1094
3/27/2013 1:21,7.81,8.21,1.1,8.06,589,1093
3/27/2013 1:24,7.8,8.22,1.1,8.06,590,1093
3/27/2013 1:27,7.79,8.07,1.2,8.06,589,1093
3/27/2013 1:30,7.8,8.2,1.2,8.06,589,1093
3/27/2013 1:33,7.8,8.24,1,8.06,589,1092
3/27/2013 1:36,7.79,8.01,1.2,8.06,589,1093
3/27/2013 1:39,7.81,8.27,1.3,8.06,589,1093
3/27/2013 1:42,7.79,8.21,1.2,8.06,589,1093
3/27/2013 1:45,7.79,8.19,1.3,8.06,589,1093
3/27/2013 1:48,7.78,8.28,1.1,8.07,589,1093
3/27/2013 1:51,7.78,8.11,1,8.07,589,1093
3/27/2013 1:54,7.77,8.13,0.9,8.07,589,1094
3/27/2013 1:57,7.76,8.23,1.1,8.06,589,1094
3/27/2013 2:00,7.78,8,1,8.06,589,1094
3/27/2013 2:03,7.78,8.17,0.9,8.06,589,1093
3/27/2013 2:06,7.79,8.25,1.2,8.07,589,1095
3/27/2013 2:09,7.79,8.11,1,8.06,590,1094
3/27/2013 2:12,7.79,8.06,1,8.07,590,1095
3/27/2013 2:15,7.8,8.22,1,8.07,590,1094
3/27/2013 2:18,7.81,8.13,1,8.06,590,1094
3/27/2013 2:21,7.79,8.12,1.2,8.07,590,1094
3/27/2013 2:24,7.79,8.05,0.9,8.06,590,1093
3/27/2013 2:27,7.77,8.08,0.9,8.07,590,1093
3/27/2013 2:30,7.8,8.12,0.9,8.07,590,1093
3/27/2013 2:33,7.78,8.11,1,8.07,590,1093
3/27/2013 2:36,7.8,8.13,1,8.07,590,1093
3/27/2013 2:39,7.78,8.22,0.2,8.07,590,1094
3/27/2013 2:42,7.78,8.22,0.7,8.06,590,1093
3/27/2013 2:45,7.77,8.18,0.5,8.07,590,1093
3/27/2013 2:48,7.77,8.17,0,8.07,590,1093
3/27/2013 2:51,7.77,8.19,0,8.07,590,1093
3/27/2013 2:54,7.77,8.15,0.5,8.07,590,1093
3/27/2013 2:57,7.75,8.05,0.2,8.07,590,1093
3/27/2013 3:00,7.75,8.1,0.4,8.07,590,1093
3/27/2013 3:03,7.75,8.12,0.6,8.07,590,1093
3/27/2013 3:06,7.75,8.24,0.9,8.07,590,1093
3/27/2013 3:09,7.73,8.12,0.2,8.07,591,1093
3/27/2013 3:12,7.72,8.35,0.3,8.07,590,1093
3/27/2013 3:15,7.73,8.3,0,8.07,590,1092
3/27/2013 3:18,7.74,8.08,0,8.07,591,1092
3/27/2013 3:21,7.72,8.3,0,8.07,591,1092
3/27/2013 3:24,7.71,8.14,0,8.07,591,1092
3/27/2013 3:27,7.7,8.15,0,8.07,591,1092
3/27/2013 3:30,7.7,8.11,0,8.07,591,1092
3/27/2013 3:33,7.68,8.19,0,8.07,591,1092
3/27/2013 3:36,7.69,8.17,0,8.07,591,1092
3/27/2013 3:39,7.66,8.3,0,8.07,591,1092
3/27/2013 3:42,7.67,8.16,1,8.07,591,1091
3/27/2013 3:45,7.63,8.31,0,8.07,591,1091
3/27/2013 3:48,7.63,8.12,0,8.07,591,1092
3/27/2013 3:51,7.64,8.29,0,8.07,591,1091
3/27/2013 3:54,7.66,8.21,0,8.07,591,1091
3/27/2013 3:57,7.66,8.08,0,8.07,591,1090
3/27/2013 4:00,7.65,8.13,0,8.07,591,1090
3/27/2013 4:03,7.64,8.11,0,8.07,591,1090
3/27/2013 4:06,7.63,8.23,0,8.07,591,1089
3/27/2013 4:09,7.63,8.26,1.3,8.07,591,1089
3/27/2013 4:12,7.61,8.14,0.9,8.07,591,1090
3/27/2013 4:15,7.62,8.21,0.5,8.07,591,1089
3/27/2013 4:18,7.63,8.18,0.9,8.07,591,1089
3/27/2013 4:21,7.62,8.23,0.1,8.07,591,1090
3/27/2013 4:24,7.62,8.31,0.5,8.07,591,1090
3/27/2013 4:27,7.61,8.2,0.3,8.07,591,1090
3/27/2013 4:30,7.62,8.26,0.3,8.07,591,1089
3/27/2013 4:33,7.59,8.18,0.2,8.07,591,1090
3/27/2013 4:36,7.6,8.24,0.4,8.07,591,1089
3/27/2013 4:39,7.59,8.05,5.3,8.07,591,1090
3/27/2013 4:42,7.61,8.12,0.7,8.07,591,1089
3/27/2013 4:45,7.62,8.18,0.6,8.07,591,1088
3/27/2013 4:48,7.61,8.1,0.5,8.07,592,1088
3/27/2013 4:51,7.62,8.15,0.6,8.07,592,1087
3/27/2013 4:54,7.61,8.34,0.5,8.07,592,1088
3/27/2013 4:57,7.59,8.27,0.7,8.07,592,1088
3/27/2013 5:00,7.61,8.13,0.7,8.07,592,1087
3/27/2013 5:03,7.6,8.11,0.8,8.07,592,1088
3/27/2013 5:06,7.59,8.16,0.6,8.07,592,1088
3/27/2013 5:09,7.61,8.18,0,8.07,592,1087
3/27/2013 5:12,7.58,8.12,0.1,8.07,592,1087
3/27/2013 5:15,7.61,8.17,0.3,8.07,592,1085
3/27/2013 5:18,7.58,8.16,0.5,8.07,592,1087
3/27/2013 5:21,7.6,8.27,0.4,8.08,592,1087
3/27/2013 5:24,7.6,8.28,0.4,8.07,592,1086
3/27/2013 5:27,7.6,8.24,0.7,8.08,592,1087
3/27/2013 5:30,7.61,8.25,0.7,8.07,592,1086
3/27/2013 5:33,7.63,8.15,0.4,8.07,592,1086
3/27/2013 5:36,7.64,8.21,0,8.08,592,1086
3/27/2013 5:39,7.63,8.14,0,8.07,592,1086
3/27/2013 5:42,7.62,8.12,0,8.07,592,1086
3/27/2013 5:45,7.6,8.27,0.1,8.07,592,1086
3/27/2013 5:48,7.6,8.06,0.2,8.07,592,1086
3/27/2013 5:51,7.58,8.09,0.2,8.07,592,1085
3/27/2013 5:54,7.58,8.08,0.4,8.07,592,1085
3/27/2013 5:57,7.55,8.23,0.4,8.08,593,1086
3/27/2013 6:00,7.57,8.21,0.6,8.07,593,1086
3/27/2013 6:03,7.55,8.22,1,8.07,593,1085
3/27/2013 6:06,7.55,8.17,0.9,8.08,593,1085
3/27/2013 6:09,7.54,8.25,0.8,8.08,593,1085
3/27/2013 6:12,7.51,8.13,0.9,8.08,593,1085
3/27/2013 6:15,7.5,8.13,0.7,8.08,593,1084
3/27/2013 6:18,7.5,8.33,0.9,8.08,593,1085
3/27/2013 6:21,7.48,8.23,0.8,8.08,593,1085
3/27/2013 6:24,7.51,8.14,0.7,8.08,590,1084
3/27/2013 6:27,7.51,8.14,0.7,8.08,591,1084
3/27/2013 6:30,7.49,8.21,0.7,8.08,591,1083
3/27/2013 6:33,7.48,8.23,0.7,8.08,592,1084
3/27/2013 6:36,7.44,8.23,0.6,8.08,592,1085
3/27/2013 6:39,7.46,8.2,0.7,8.08,592,1083
3/27/2013 6:42,7.46,8.24,0.8,8.08,592,1083
3/27/2013 6:45,7.47,8.17,0.8,8.08,590,1083
3/27/2013 6:48,7.46,8.21,0.9,8.08,590,1084
3/27/2013 6:51,7.45,8.16,0.9,8.08,591,1084
3/27/2013 6:54,7.46,8.17,1,8.08,591,1083
3/27/2013 6:57,7.44,8.16,1.2,8.08,591,1084
3/27/2013 7:00,7.43,8.19,1.2,8.08,591,1084
3/27/2013 7:03,7.46,8.39,1.5,8.08,591,1082
3/27/2013 7:06,7.42,8.31,1.8,8.08,591,1083
3/27/2013 7:09,7.44,8.2,1.4,8.08,591,1083
3/27/2013 7:12,7.46,8.31,1.7,8.08,591,1082
3/27/2013 7:15,7.45,8.29,1.4,8.08,592,1082
3/27/2013 7:18,7.44,8.23,1.3,8.08,592,1083
3/27/2013 7:21,7.44,8.19,1.4,8.08,592,1082
3/27/2013 7:24,7.43,8.28,1.1,8.08,592,1082
3/27/2013 7:27,7.44,8.24,1.1,8.08,592,1082
3/27/2013 7:30,7.43,8.17,1,8.08,592,1082
3/27/2013 7:33,7.41,8.26,1,8.09,592,1082
3/27/2013 7:36,7.39,8.33,1.1,8.09,592,1082
3/27/2013 7:39,7.4,8.28,1.1,8.09,592,1081
3/27/2013 7:42,7.38,8.29,1.3,8.09,592,1081
3/27/2013 7:45,7.38,8.36,1.2,8.09,592,1081
3/27/2013 7:48,7.38,8.28,1.2,8.09,592,1080
3/27/2013 7:51,7.39,8.44,1.2,8.09,592,1080
3/27/2013 7:54,7.37,8.37,1.1,8.09,592,1079
3/27/2013 7:57,7.37,8.25,1.2,8.09,592,1080
3/27/2013 8:00,7.39,8.5,1.5,8.09,592,1080
3/27/2013 8:03,7.39,8.32,1.6,8.1,592,1079
3/27/2013 8:06,7.37,8.36,1.7,8.09,592,1080
3/27/2013 8:09,7.38,8.3,1.7,8.1,592,1080
3/27/2013 8:12,7.38,8.5,2.3,8.1,592,1080
3/27/2013 8:15,7.38,8.59,2.6,8.1,592,1079
3/27/2013 8:18,7.39,8.42,5.4,8.1,592,1079
3/27/2013 8:21,7.38,8.2,5.8,8.11,592,1079
3/27/2013 8:24,7.39,8.43,7.7,8.1,592,1078
3/27/2013 8:27,7.39,8.25,7.9,8.11,592,1077
3/27/2013 8:30,7.39,8.5,8,8.11,592,1077
3/27/2013 8:33,7.4,8.45,8.3,8.11,592,1077
3/27/2013 8:36,7.4,8.39,15.8,8.11,591,1078
3/27/2013 8:39,7.45,8.52,7.5,8.11,591,1078
3/27/2013 8:42,7.45,8.56,4.3,8.12,591,1078
3/27/2013 8:45,7.45,8.51,3.1,8.12,591,1078
3/27/2013 8:48,7.46,8.47,3,8.11,591,1077
3/27/2013 8:51,7.48,8.35,3,8.12,591,1078
3/27/2013 8:54,7.48,8.38,2.6,8.12,591,1077
3/27/2013 8:57,7.51,8.53,2.8,8.12,591,1076
3/27/2013 9:00,7.51,8.49,3.3,8.12,591,1076
3/27/2013 9:03,7.51,8.64,2.9,8.12,590,1076
3/27/2013 9:06,7.51,8.45,2.1,8.12,590,1076
3/27/2013 9:09,7.51,8.58,1.8,8.13,590,1076
3/27/2013 9:12,7.52,8.44,2,8.12,590,1076
3/27/2013 9:15,7.51,8.43,1.8,8.13,590,1076
3/27/2013 9:18,7.52,8.7,19.5,8.13,590,1075
3/27/2013 9:21,7.52,8.46,15.9,8.13,590,1076
3/27/2013 9:24,7.54,8.55,14.1,8.12,590,1076
3/27/2013 9:27,7.55,8.4,4.2,8.13,590,1075
3/27/2013 9:30,7.56,8.63,2,8.13,590,1075
3/27/2013 9:33,7.57,8.47,1.8,8.13,590,1075
3/27/2013 9:36,7.56,8.55,1.9,8.13,590,1075
3/27/2013 9:39,7.59,8.56,1.2,8.13,590,1073
3/27/2013 9:42,7.6,8.49,1.5,8.14,589,1074
3/27/2013 9:45,7.61,8.45,1.4,8.14,589,1074
3/27/2013 9:48,7.61,8.54,1.3,8.14,589,1074
3/27/2013 9:51,7.63,8.69,2.1,8.13,589,1074
3/27/2013 9:54,7.6,8.41,2.2,8.14,589,1074
3/27/2013 9:57,7.61,8.56,2.2,8.14,589,1074
3/27/2013 10:00,7.61,8.57,1.6,8.14,589,1073
3/27/2013 10:03,7.6,8.49,1.9,8.14,589,1073
3/27/2013 10:06,7.6,8.54,1.6,8.14,589,1073
3/27/2013 10:09,7.6,8.52,1.4,8.14,589,1073
3/27/2013 10:12,7.59,8.44,1.2,8.14,589,1072
3/27/2013 10:15,7.58,8.5,1.1,8.14,589,1072
3/27/2013 10:18,7.58,8.51,0.9,8.14,589,1071
3/27/2013 10:21,7.57,8.55,0.8,8.14,588,1071
3/27/2013 10:24,7.59,8.44,0.7,8.14,589,1071
3/27/2013 10:27,7.57,8.54,1,8.14,588,1071
3/27/2013 10:30,7.58,8.53,0.7,8.15,588,1070
3/27/2013 10:33,7.59,8.44,0.7,8.15,588,1070
3/27/2013 10:36,7.61,8.55,0.5,8.15,588,1070
3/27/2013 10:39,7.63,8.56,0.5,8.15,588,1070
3/27/2013 10:42,7.63,8.53,0.7,8.15,588,1070
3/27/2013 10:45,7.64,8.54,0.6,8.15,588,1069
3/27/2013 10:48,7.64,8.64,0.9,8.15,588,1070
3/27/2013 10:51,7.65,8.48,1,8.15,588,1069
3/27/2013 10:54,7.66,8.56,1,8.15,588,1069
3/27/2013 10:57,7.69,8.56,1.2,8.15,588,1069
3/27/2013 11:00,7.71,8.58,1.5,8.15,588,1068
3/27/2013 11:03,7.72,8.6,1.7,8.16,588,1067
3/27/2013 11:06,7.72,8.55,1.8,8.15,588,1067
3/27/2013 11:09,7.72,8.56,2.4,8.16,588,1066
3/27/2013 11:12,7.72,8.55,2.5,8.16,588,1066
3/27/2013 11:15,7.71,8.63,2.7,8.16,588,1065
3/27/2013 11:18,7.72,8.44,2.9,8.16,588,1065
3/27/2013 11:21,7.75,8.51,3.1,8.15,588,1064
3/27/2013 11:24,7.81,8.62,3.3,8.15,587,1063
3/27/2013 11:27,7.85,8.57,3.4,8.16,587,1062
3/27/2013 11:30,7.86,8.55,3.6,8.16,587,1061
3/27/2013 11:33,7.85,8.54,3.2,8.16,587,1060
3/27/2013 11:36,7.82,8.54,3,8.16,587,1060
3/27/2013 11:39,7.81,8.54,2.8,8.16,586,1060
3/27/2013 11:42,7.82,8.51,2.4,8.16,586,1059
3/27/2013 11:45,7.85,8.5,2.5,8.17,586,1059
3/27/2013 11:48,7.92,8.6,2.5,8.17,586,1057
3/27/2013 11:51,7.97,8.48,2.5,8.17,586,1056
3/27/2013 11:54,7.98,8.53,2.4,8.17,585,1054
3/27/2013 11:57,7.97,8.59,2.2,8.17,585,1052
3/27/2013 12:00,7.97,8.51,1.9,8.18,585,1052
3/27/2013 12:03,7.99,8.66,1.9,8.18,585,1051
3/27/2013 12:06,8.02,8.6,1.9,8.17,584,1051
3/27/2013 12:09,8.07,8.57,1.7,8.18,584,1050
3/27/2013 12:12,8.1,8.7,1.6,8.18,584,1047
3/27/2013 12:15,8.12,8.55,1.6,8.18,584,1044
3/27/2013 12:18,8.13,8.66,2,8.19,584,1042
3/27/2013 12:21,8.12,8.58,2.1,8.18,583,1039
3/27/2013 12:24,8.16,8.51,2.2,8.19,583,1037
3/27/2013 12:27,8.17,8.61,2.6,8.19,583,1034
3/27/2013 12:30,8.18,8.57,3.6,8.19,583,1030
3/27/2013 12:33,8.24,8.6,4.2,8.19,583,1026
3/27/2013 12:36,8.27,8.5,4.8,8.19,583,1023
3/27/2013 12:39,8.28,8.51,5.3,8.19,582,1018
3/27/2013 12:42,8.27,8.52,5.3,8.18,582,1013
3/27/2013 12:45,8.29,8.78,5.1,8.18,582,1006
3/27/2013 12:48,8.36,8.58,5.1,8.18,582,1002
3/27/2013 12:51,8.44,8.6,4.9,8.18,581,994
3/27/2013 12:54,8.52,8.6,5,8.19,581,985
3/27/2013 12:57,8.55,8.65,4.6,8.19,581,980
3/27/2013 13:00,8.56,8.68,4.2,8.19,581,975
3/27/2013 13:03,8.55,8.58,3.4,8.18,580,972
3/27/2013 13:06,8.57,8.64,3.5,8.18,580,968
3/27/2013 13:09,8.6,8.62,3.1,8.19,580,957
3/27/2013 13:12,8.67,8.74,3.6,8.19,580,946
3/27/2013 13:15,8.71,8.65,4.1,8.2,579,938
3/27/2013 13:18,8.73,8.71,3.9,8.2,579,929
3/27/2013 13:21,8.76,8.6,4.2,8.2,579,920
3/27/2013 13:24,8.81,8.66,4,8.2,578,912
3/27/2013 13:27,8.81,8.68,3.8,8.2,578,906
3/27/2013 13:30,8.81,8.61,3.7,8.2,578,901
3/27/2013 13:33,8.82,8.76,3.5,8.2,578,894
3/27/2013 13:36,8.85,8.62,11.6,8.2,578,890
3/27/2013 13:39,8.87,8.6,4.2,8.2,578,883
3/27/2013 13:42,8.84,8.66,4.7,8.2,578,876
3/27/2013 13:45,8.84,8.72,5.4,8.2,578,870
3/27/2013 13:48,8.86,8.69,6,8.2,577,861
3/27/2013 13:51,8.9,8.66,6.5,8.2,577,855
3/27/2013 13:54,8.93,8.49,6.4,8.21,577,848
3/27/2013 13:57,8.92,8.52,5.3,8.21,577,846
3/27/2013 14:00,8.93,8.62,5.2,8.2,577,849
3/27/2013 14:03,8.91,8.63,4.8,8.2,577,852
3/27/2013 14:06,8.87,8.47,3.9,8.2,577,855
3/27/2013 14:09,8.83,8.79,3.7,8.19,577,860
3/27/2013 14:12,8.82,8.46,3.2,8.19,577,863
3/27/2013 14:15,8.79,8.64,2.6,8.18,577,866
3/27/2013 14:18,8.8,8.64,2.6,8.18,578,872
3/27/2013 14:21,8.78,8.65,2.3,8.18,578,877
3/27/2013 14:24,8.74,8.59,2.2,8.18,578,882
3/27/2013 14:27,8.69,8.69,2.2,8.18,578,887
3/27/2013 14:30,8.64,8.68,1.9,8.17,578,892
3/27/2013 14:33,8.61,8.68,1.9,8.17,579,895
3/27/2013 14:36,8.58,8.67,2.1,8.17,578,898
3/27/2013 14:39,8.56,8.67,1.9,8.17,579,898
3/27/2013 14:42,8.56,8.6,1.9,8.17,579,899
3/27/2013 14:45,8.58,8.54,1.7,8.17,579,899
3/27/2013 14:48,8.59,8.57,1.8,8.17,579,899
3/27/2013 14:51,8.62,8.61,1.8,8.17,579,898
3/27/2013 14:54,8.65,8.69,1.8,8.17,579,898
3/27/2013 14:57,8.65,8.5,1.9,8.17,579,898
3/27/2013 15:00,8.65,8.62,2,8.17,579,898
3/27/2013 15:03,8.65,8.6,1.9,8.17,579,898
3/27/2013 15:06,8.62,8.71,1.9,8.17,579,897
3/27/2013 15:09,8.61,8.64,2,8.17,579,894
3/27/2013 15:12,8.61,8.65,2.1,8.17,579,890
3/27/2013 15:15,8.63,8.66,2.5,8.17,579,884
3/27/2013 15:18,8.68,8.55,3,8.17,579,879
3/27/2013 15:21,8.73,8.57,3.6,8.17,579,874
3/27/2013 15:24,8.72,8.56,4.6,8.17,579,869
3/27/2013 15:27,8.68,8.7,5.4,8.17,579,864
3/27/2013 15:30,8.63,8.66,6.3,8.17,579,862
3/27/2013 15:33,8.62,8.61,7.3,8.16,579,859
3/27/2013 15:36,8.62,8.66,7.9,8.16,579,858
3/27/2013 15:39,8.63,8.56,8.1,8.16,579,856
3/27/2013 15:42,8.65,8.54,7.4,8.16,579,853
3/27/2013 15:45,8.66,8.57,6.7,8.16,579,848
3/27/2013 15:48,8.65,8.49,5.5,8.16,579,849
3/27/2013 15:51,8.65,8.45,5.1,8.16,579,856
3/27/2013 15:54,8.64,8.58,4.5,8.15,580,867
3/27/2013 15:57,8.66,8.59,4.2,8.15,580,874
3/27/2013 16:00,8.69,8.41,3.6,8.15,580,884
3/27/2013 16:03,8.67,8.49,3.1,8.15,580,892
3/27/2013 16:06,8.69,8.54,2.9,8.15,580,901
3/27/2013 16:09,8.71,8.39,2.5,8.15,580,907
3/27/2013 16:12,8.69,8.55,2.4,8.15,580,915
3/27/2013 16:15,8.69,8.5,2.2,8.14,581,920
3/27/2013 16:18,8.69,8.32,2,8.14,581,924
3/27/2013 16:21,8.67,8.34,2,8.15,581,928
3/27/2013 16:24,8.67,8.53,1.9,8.15,581,930
3/27/2013 16:27,8.66,8.45,1.7,8.15,581,930
3/27/2013 16:30,8.65,8.53,1.7,8.15,581,929
3/27/2013 16:33,8.65,8.62,2.2,8.14,581,928
3/27/2013 16:36,8.65,8.41,1.6,8.14,581,926
3/27/2013 16:39,8.64,8.59,1.8,8.14,581,921
3/27/2013 16:42,8.63,8.57,1.7,8.14,581,917
3/27/2013 16:45,8.62,8.53,1.6,8.14,581,913
3/27/2013 16:48,8.61,8.54,1.7,8.14,581,912
3/27/2013 16:51,8.61,8.59,1.6,8.14,582,912
3/27/2013 16:54,8.62,8.5,1.6,8.14,582,914
3/27/2013 16:57,8.61,8.45,1.7,8.14,582,918
3/27/2013 17:00,8.62,8.33,1.6,8.15,582,921
3/27/2013 17:03,8.63,8.44,1.4,8.14,582,926
3/27/2013 17:06,8.62,8.39,1.8,8.14,582,930
3/27/2013 17:09,8.63,8.47,1.8,8.14,583,933
3/27/2013 17:12,8.62,8.57,2.5,8.14,583,938
3/27/2013 17:15,8.62,8.41,2.6,8.14,583,941
3/27/2013 17:18,8.61,8.45,2.3,8.14,583,944
3/27/2013 17:21,8.61,8.34,2.5,8.14,583,945
3/27/2013 17:24,8.59,8.44,2.2,8.13,583,946
3/27/2013 17:27,8.58,8.27,2.4,8.13,584,949
3/27/2013 17:30,8.57,8.34,2.1,8.13,584,950
3/27/2013 17:33,8.56,8.26,2.2,8.13,584,952
3/27/2013 17:36,8.56,8.32,1.9,8.13,584,953
3/27/2013 17:39,8.55,8.34,1.7,8.13,584,954
3/27/2013 17:42,8.55,8.33,1.7,8.13,585,955
3/27/2013 17:45,8.54,8.3,1.6,8.12,585,956
3/27/2013 17:48,8.53,8.38,1.6,8.12,585,958
3/27/2013 17:51,8.53,8.29,1.8,8.12,585,959
3/27/2013 17:54,8.51,8.27,1.5,8.12,585,959
3/27/2013 17:57,8.51,8.26,1.6,8.12,586,960
3/27/2013 18:00,8.49,8.2,1.4,8.12,586,963
3/27/2013 18:03,8.49,8.34,1.3,8.12,586,964
3/27/2013 18:06,8.47,8.26,1.3,8.12,586,965
3/27/2013 18:09,8.46,8.21,1.4,8.11,586,966
3/27/2013 18:12,8.46,8.17,1.2,8.11,587,967
3/27/2013 18:15,8.45,8.21,1.3,8.11,587,968
3/27/2013 18:18,8.45,8.06,1.3,8.11,587,969
3/27/2013 18:21,8.45,8.18,1.1,8.11,587,970
3/27/2013 18:24,8.45,8.17,1.4,8.11,587,971
3/27/2013 18:27,8.43,8.24,1.5,8.11,587,973
3/27/2013 18:30,8.44,8.25,1.3,8.1,588,973
3/27/2013 18:33,8.43,8.16,1.3,8.1,588,974
3/27/2013 18:36,8.44,8.14,1.1,8.1,588,975
3/27/2013 18:39,8.44,8.1,1,8.1,588,974
3/27/2013 18:42,8.44,8.2,1,8.1,588,975
3/27/2013 18:45,8.44,8.13,1.2,8.1,589,976
3/27/2013 18:48,8.45,8.09,1,8.1,589,976
3/27/2013 18:51,8.43,8.08,1,8.1,589,976
3/27/2013 18:54,8.42,8.11,1,8.1,589,976
3/27/2013 18:57,8.41,8.15,1,8.09,590,977
3/27/2013 19:00,8.41,8.11,1.1,8.09,590,977
3/27/2013 19:03,8.41,8.09,0.9,8.09,590,976
3/27/2013 19:06,8.41,8.11,0.9,8.09,590,977
3/27/2013 19:09,8.41,8.01,1,8.09,590,977
3/27/2013 19:12,8.41,8.25,1,8.08,591,977
3/27/2013 19:15,8.42,8.1,1,8.08,591,976
3/27/2013 19:18,8.41,8.2,0.9,8.08,591,976
3/27/2013 19:21,8.39,8.04,0.7,8.08,591,977
3/27/2013 19:24,8.37,8.05,1.1,8.07,591,977
3/27/2013 19:27,8.35,8.07,0.8,8.07,592,977
3/27/2013 19:30,8.35,8.12,0.8,8.07,592,977
3/27/2013 19:33,8.33,7.99,0.7,8.07,592,977
3/27/2013 19:36,8.33,8.05,0.9,8.07,592,977
3/27/2013 19:39,8.3,8.03,0.8,8.07,593,977
3/27/2013 19:42,8.31,7.98,0.8,8.07,593,978
3/27/2013 19:45,8.29,8.01,0.8,8.06,593,978
3/27/2013 19:48,8.29,8.05,0.7,8.06,593,979
3/27/2013 19:51,8.29,8.1,0.8,8.06,593,979
3/27/2013 19:54,8.27,8.1,0.8,8.06,593,980
3/27/2013 19:57,8.26,8.07,0.8,8.06,593,981
3/27/2013 20:00,8.26,8.06,0.8,8.06,593,980
3/27/2013 20:03,8.23,7.97,0.9,8.06,594,982
3/27/2013 20:06,8.25,7.94,0.7,8.06,594,981
3/27/2013 20:09,8.22,7.95,0.8,8.06,594,982
3/27/2013 20:12,8.22,7.99,0.8,8.06,594,981
3/27/2013 20:15,8.22,7.95,0.8,8.06,594,982
3/27/2013 20:18,8.22,8.12,0.7,8.06,594,982
3/27/2013 20:21,8.22,8.07,0.7,8.06,594,983
3/27/2013 20:24,8.22,8,0.9,8.06,594,983
3/27/2013 20:27,8.21,7.98,1,8.06,595,984
3/27/2013 20:30,8.22,7.97,1.2,8.06,595,984
3/27/2013 20:33,8.2,7.94,1,8.06,595,984
3/27/2013 20:36,8.21,8.13,1.3,8.06,595,984
3/27/2013 20:39,8.2,7.95,1.5,8.06,595,985
3/27/2013 20:42,8.21,8.01,1.4,8.06,595,984
3/27/2013 20:45,8.2,8.03,1,8.06,595,985
3/27/2013 20:48,8.19,8.07,1,8.06,595,985
3/27/2013 20:51,8.19,8.04,1,8.06,596,985
3/27/2013 20:54,8.18,8.02,1,8.06,596,985
3/27/2013 20:57,8.17,8.05,1,8.06,596,986
3/27/2013 21:00,8.18,7.95,0.8,8.06,596,986
3/27/2013 21:03,8.19,7.94,1.4,8.06,596,987
3/27/2013 21:06,8.17,7.95,2.4,8.06,596,988
3/27/2013 21:09,8.19,7.96,0.9,8.06,596,987
3/27/2013 21:12,8.17,7.9,1.3,8.06,596,989
3/27/2013 21:15,8.19,8.06,0.4,8.06,596,987
3/27/2013 21:18,8.18,8.1,0.3,8.06,596,989
3/27/2013 21:21,8.17,8,0.2,8.06,596,990
3/27/2013 21:24,8.14,8.12,0,8.06,596,990
3/27/2013 21:27,8.13,8,0.3,8.06,596,992
3/27/2013 21:30,8.15,7.94,0.6,8.06,596,991
3/27/2013 21:33,8.16,8.13,0.7,8.06,596,992
3/27/2013 21:36,8.15,8.07,0.6,8.06,597,993
3/27/2013 21:39,8.14,7.95,0.6,8.06,597,994
3/27/2013 21:42,8.15,7.94,0.6,8.06,597,995
3/27/2013 21:45,8.16,8.02,0.7,8.06,597,995
3/27/2013 21:48,8.16,8.07,0.5,8.06,597,996
3/27/2013 21:51,8.17,8.09,0.7,8.06,597,996
3/27/2013 21:54,8.16,7.99,2.3,8.06,597,997
3/27/2013 21:57,8.17,8.08,3,8.06,597,997
3/27/2013 22:00,8.17,8.13,7.1,8.06,597,997
3/27/2013 22:03,8.16,8.01,3.7,8.06,597,998
3/27/2013 22:06,8.12,7.91,3.6,8.06,597,999
3/27/2013 22:09,8.12,8.11,3.5,8.06,597,1000
3/27/2013 22:12,8.11,8.06,3.2,8.06,597,1000
3/27/2013 22:15,8.11,8.07,1.5,8.06,597,1001
3/27/2013 22:18,8.11,7.98,0.7,8.06,597,1002
3/27/2013 22:21,8.09,8.08,0.6,8.06,597,1003
3/27/2013 22:24,8.11,8.1,1,8.06,597,1003
3/27/2013 22:27,8.1,7.97,0.4,8.06,597,1003
3/27/2013 22:30,8.09,8.08,0.4,8.06,597,1004
3/27/2013 22:33,8.1,8.14,0.3,8.06,598,1005
3/27/2013 22:36,8.08,8.03,0.6,8.06,598,1005
3/27/2013 22:39,8.09,8.13,0.2,8.06,598,1005
3/27/2013 22:42,8.08,8.07,2.3,8.06,598,1006
3/27/2013 22:45,8.05,7.92,1.6,8.06,598,1007
3/27/2013 22:48,8.07,8.01,2.3,8.06,598,1008
3/27/2013 22:51,8.06,8.13,1.8,8.06,598,1009
3/27/2013 22:54,8.06,8.17,0.7,8.07,598,1010
3/27/2013 22:57,8.05,7.98,0.1,8.07,598,1009
3/27/2013 23:00,8.04,8.12,2.5,8.07,598,1011
3/27/2013 23:03,8.02,8.05,0.3,8.07,598,1012
3/27/2013 23:06,8.01,7.89,2.4,8.07,598,1012
3/27/2013 23:09,8.03,8.15,0,8.07,598,1011
3/27/2013 23:12,8.03,8.18,0,8.07,598,1012
3/27/2013 23:15,8.02,7.91,0.5,8.07,598,1013
3/27/2013 23:18,8.02,8.06,0.5,8.07,598,1014
3/27/2013 23:21,8.02,8.1,0.3,8.07,598,1013
3/27/2013 23:24,8.01,8.1,0.3,8.07,598,1013
3/27/2013 23:27,8.02,8.2,0.3,8.07,598,1014
3/27/2013 23:30,8.01,8.01,0.5,8.07,598,1015
3/27/2013 23:33,8.01,7.96,0.4,8.07,598,1016
3/27/2013 23:36,8,7.99,0.4,8.07,598,1015
3/27/2013 23:39,8,8.06,0.4,8.07,598,1016
3/27/2013 23:42,8.01,8.13,0.3,8.07,598,1016
3/27/2013 23:45,8,8.09,0.3,8.07,598,1016
3/27/2013 23:48,8,8.03,0.3,8.07,598,1017
3/27/2013 23:51,8,8.08,0,8.07,598,1018
3/27/2013 23:54,7.99,8.06,0.5,8.07,598,1019
3/27/2013 23:57,8,8.03,0.3,8.07,598,1019
